Violation_ID,Violation_Type,Fine_Amount,Location,Date,Time,Vehicle_Type,Vehicle_Color,Vehicle_Model_Year,Registration_State,Driver_Age,Driver_Gender,License_Type,Penalty_Points,Weather_Condition,Road_Condition,Officer_ID,Issuing_Agency,License_Validity,Number_of_Passengers,Helmet_Worn,Seatbelt_Worn,Traffic_Light_Status,Speed_Limit,Recorded_Speed,Alcohol_Level,Breathalyzer_Result,Towed,Fine_Paid,Payment_Method,Court_Appearance_Required,Previous_Violations,Comments
VLT100000,Overloading,4544,Karnataka,1/1/2023,23:02,Car,Red,2012,West Bengal,25,Male,Commercial,5,Cloudy,Slippery,OFF9971,Local Police,Valid,4,N/A,Yes,Green,100,95,0.03,Negative,Yes,No,Online,Yes,3,Repeat Offender
VLT100001,Driving Without License,2776,Punjab,1/2/2023,0:42,Scooter,Silver,2010,Tamil Nadu,32,Female,Commercial,4,Rainy,Dry,OFF6000,Highway Patrol,Valid,4,N/A,No,Green,40,48,0.45,Negative,Yes,Yes,Online,No,2,Repeat Offender
VLT100002,Using Mobile Phone,4785,Maharashtra,1/3/2023,4:32,Scooter,Grey,2006,Tamil Nadu,67,Female,Two-Wheeler,8,Clear,Potholes,OFF5706,Local Police,Valid,5,Yes,Yes,Yellow,80,26,0.31,Not Conducted,No,No,Not Paid,Yes,4,
VLT100003,No Seatbelt,1138,Uttar Pradesh,1/4/2023,15:06,Car,Green,1996,Uttar Pradesh,46,Male,Learner,3,Rainy,Wet,OFF5575,Highway Patrol,Valid,2,No,No,Green,100,115,0.09,Not Conducted,No,Yes,Online,No,5,Repeat Offender
VLT100004,Over-speeding,1610,Karnataka,1/5/2023,6:57,Truck,Yellow,2016,Delhi,63,Female,Four-Wheeler,4,Foggy,Potholes,OFF7147,Traffic Police,Valid,4,N/A,No,Red,30,115,0.28,Positive,No,Yes,Cash,Yes,0,
VLT100005,Over-speeding,4636,Maharashtra,1/6/2023,16:36,Bus,White,2013,Gujarat,33,Male,Commercial,2,Rainy,Dry,OFF2122,RTO,Valid,5,Yes,N/A,Green,100,87,0.17,Negative,Yes,No,Card,No,3,Fine Paid On Spot
VLT100006,Wrong Parking,2793,West Bengal,1/7/2023,2:03,Scooter,Silver,2018,Delhi,42,Other,Learner,0,Dust Storm,Dry,OFF6500,Local Police,Valid,2,N/A,N/A,Green,30,24,0.5,Not Conducted,Yes,Yes,Cash,Yes,1,
VLT100007,Over-speeding,3965,Delhi,1/8/2023,16:23,Truck,Yellow,2009,Punjab,28,Male,Four-Wheeler,2,Clear,Under Construction,OFF1220,Local Police,Valid,2,N/A,No,Green,60,119,0.19,Positive,No,No,Not Paid,No,2,Fine Paid On Spot
VLT100008,No Seatbelt,4497,Uttar Pradesh,1/9/2023,18:09,Bus,Green,2021,Maharashtra,34,Female,Heavy Vehicle,9,Foggy,Wet,OFF8579,RTO,Expired,3,Yes,N/A,Green,80,36,0.28,Negative,No,No,Cash,No,4,First Violation
VLT100009,Using Mobile Phone,374,West Bengal,1/10/2023,17:01,Car,Red,1997,Uttar Pradesh,75,Other,Commercial,0,Clear,Dry,OFF7351,Local Police,Expired,5,No,Yes,Red,30,114,0.48,Not Conducted,Yes,Yes,Not Paid,No,2,Repeat Offender
VLT100010,Using Mobile Phone,458,Tamil Nadu,1/11/2023,5:24,Bus,Silver,2005,West Bengal,28,Female,Commercial,1,Cloudy,Slippery,OFF1849,Highway Patrol,Valid,2,No,No,Red,80,107,0.06,Positive,No,Yes,Card,No,2,First Violation
VLT100011,Overloading,2236,West Bengal,1/12/2023,9:17,Bus,Silver,1997,Maharashtra,22,Female,Commercial,0,Foggy,Wet,OFF8390,RTO,Expired,5,Yes,Yes,Green,40,62,0.25,Not Conducted,Yes,Yes,Online,No,4,First Violation
VLT100012,No Helmet,915,Maharashtra,1/13/2023,3:57,Scooter,Green,2021,Maharashtra,54,Male,Learner,3,Dust Storm,Dry,OFF9569,RTO,Suspended,5,No,Yes,Red,100,32,0.03,Positive,No,No,Not Paid,No,1,First Violation
VLT100013,Signal Jumping,4994,Delhi,1/14/2023,21:13,Car,Black,2021,Karnataka,19,Male,Four-Wheeler,1,Rainy,Dry,OFF1680,Highway Patrol,Expired,5,Yes,N/A,Green,80,99,0.49,Negative,No,No,Cash,No,5,First Violation
VLT100014,No Seatbelt,4098,Gujarat,1/15/2023,20:39,Truck,Green,2022,Gujarat,47,Female,Two-Wheeler,6,Rainy,Wet,OFF1227,RTO,Suspended,2,N/A,No,Yellow,80,27,0.34,Negative,No,No,Cash,Yes,5,First Violation
VLT100015,No Seatbelt,1837,West Bengal,1/16/2023,18:17,Bus,Black,2011,Gujarat,18,Other,Heavy Vehicle,8,Foggy,Slippery,OFF5533,Local Police,Valid,1,No,No,Yellow,50,90,0.17,Positive,No,No,Not Paid,Yes,1,Repeat Offender
VLT100016,No Seatbelt,4646,Punjab,1/17/2023,1:00,Auto Rickshaw,Blue,2017,Punjab,45,Male,Four-Wheeler,7,Dust Storm,Wet,OFF8422,RTO,Suspended,1,No,N/A,Green,60,70,0.02,Negative,No,No,Card,Yes,3,First Violation
VLT100017,No Helmet,4336,Tamil Nadu,1/18/2023,1:05,Truck,White,1996,Uttar Pradesh,56,Female,Commercial,6,Clear,Potholes,OFF1267,RTO,Expired,5,Yes,N/A,Red,50,90,0.44,Not Conducted,Yes,No,Card,No,0,Repeat Offender
VLT100018,Using Mobile Phone,3715,Punjab,1/19/2023,7:20,Auto Rickshaw,Yellow,1995,Maharashtra,22,Female,Four-Wheeler,10,Dust Storm,Slippery,OFF3172,Local Police,Expired,2,Yes,No,Green,80,73,0.5,Not Conducted,Yes,Yes,Card,Yes,5,
VLT100019,Signal Jumping,883,Karnataka,1/20/2023,17:58,Bus,Silver,2014,Gujarat,51,Male,Two-Wheeler,8,Cloudy,Wet,OFF5581,Traffic Police,Suspended,2,N/A,N/A,Green,50,78,0.21,Positive,Yes,Yes,Cash,No,5,
VLT100020,Wrong Parking,2727,Gujarat,1/21/2023,9:00,Auto Rickshaw,Black,1996,Uttar Pradesh,19,Female,Heavy Vehicle,2,Clear,Dry,OFF3080,Traffic Police,Valid,1,Yes,No,Green,30,52,0.11,Positive,Yes,Yes,Online,Yes,4,Fine Paid On Spot
VLT100021,Drunk Driving,1502,Punjab,1/22/2023,17:32,Scooter,Silver,2003,Karnataka,63,Male,Learner,8,Foggy,Dry,OFF5003,Local Police,Valid,2,No,Yes,Red,60,61,0.43,Positive,Yes,Yes,Cash,Yes,0,First Violation
VLT100022,Signal Jumping,1665,Tamil Nadu,1/23/2023,23:32,Bike,Grey,2016,West Bengal,64,Male,Learner,10,Foggy,Potholes,OFF8995,Highway Patrol,Expired,5,No,Yes,Yellow,30,26,0.32,Positive,No,No,Card,No,1,
VLT100023,No Helmet,3951,Punjab,1/24/2023,21:26,Truck,White,2007,Delhi,32,Female,Heavy Vehicle,4,Cloudy,Wet,OFF4358,Highway Patrol,Suspended,4,No,Yes,Red,80,38,0.36,Not Conducted,No,Yes,Card,No,1,First Violation
VLT100024,Signal Jumping,4232,Delhi,1/25/2023,15:18,Scooter,Red,2019,Karnataka,30,Female,Learner,8,Dust Storm,Wet,OFF6798,RTO,Valid,3,N/A,No,Yellow,60,92,0.4,Negative,No,No,Card,Yes,4,First Violation
VLT100025,Overloading,2026,Uttar Pradesh,1/26/2023,18:23,Bike,White,1998,Punjab,25,Other,Four-Wheeler,4,Dust Storm,Slippery,OFF8383,RTO,Expired,1,No,No,Yellow,60,81,0.29,Negative,Yes,No,Cash,No,0,
VLT100026,Drunk Driving,4741,Karnataka,1/27/2023,18:54,Scooter,Yellow,2018,West Bengal,66,Other,Commercial,0,Clear,Under Construction,OFF2246,Traffic Police,Expired,4,Yes,No,Yellow,50,84,0.21,Positive,No,No,Card,Yes,3,
VLT100027,Over-speeding,4999,Delhi,1/28/2023,21:56,Bus,Silver,2017,Karnataka,49,Female,Commercial,3,Cloudy,Slippery,OFF1032,Highway Patrol,Suspended,1,No,No,Green,100,66,0.5,Negative,Yes,No,Online,Yes,5,Repeat Offender
VLT100028,Drunk Driving,2397,Delhi,1/29/2023,14:41,Bike,Yellow,2002,Punjab,23,Female,Two-Wheeler,3,Clear,Potholes,OFF6662,RTO,Valid,5,Yes,No,Green,30,89,0.33,Negative,Yes,No,Card,Yes,5,First Violation
VLT100029,Using Mobile Phone,1163,Maharashtra,1/30/2023,0:17,Bus,Grey,2020,Maharashtra,74,Male,Heavy Vehicle,10,Dust Storm,Dry,OFF4573,Local Police,Expired,5,N/A,No,Green,50,97,0.38,Positive,Yes,No,Not Paid,Yes,0,
VLT100030,No Helmet,4508,Uttar Pradesh,1/31/2023,7:42,Car,Silver,2009,West Bengal,73,Male,Learner,1,Clear,Under Construction,OFF6687,Highway Patrol,Valid,1,No,N/A,Green,40,101,0.17,Not Conducted,Yes,Yes,Card,Yes,3,Fine Paid On Spot
VLT100031,Using Mobile Phone,3358,Delhi,2/1/2023,15:46,Bus,Yellow,2021,West Bengal,51,Female,Heavy Vehicle,4,Cloudy,Potholes,OFF6939,Highway Patrol,Expired,5,Yes,No,Yellow,80,34,0.29,Not Conducted,Yes,No,Not Paid,No,5,Repeat Offender
VLT100032,No Helmet,323,Uttar Pradesh,2/2/2023,10:41,Scooter,Silver,2013,Tamil Nadu,52,Male,Four-Wheeler,6,Rainy,Dry,OFF6108,Local Police,Suspended,5,N/A,No,Yellow,40,21,0.17,Negative,No,Yes,Card,Yes,3,First Violation
VLT100033,Signal Jumping,3636,Punjab,2/3/2023,9:16,Car,Yellow,2018,Delhi,69,Male,Two-Wheeler,10,Cloudy,Slippery,OFF8194,Traffic Police,Expired,2,No,N/A,Green,80,40,0.3,Positive,Yes,Yes,Not Paid,Yes,3,First Violation
VLT100034,No Seatbelt,2937,Karnataka,2/4/2023,4:35,Truck,Red,2011,Delhi,19,Male,Four-Wheeler,2,Foggy,Slippery,OFF4686,Traffic Police,Suspended,3,Yes,N/A,Yellow,40,27,0.35,Not Conducted,Yes,No,Cash,Yes,2,First Violation
VLT100035,No Helmet,2943,Delhi,2/5/2023,12:42,Bike,Grey,2004,Tamil Nadu,40,Female,Four-Wheeler,3,Rainy,Potholes,OFF4462,Traffic Police,Suspended,4,No,N/A,Yellow,100,67,0.32,Positive,No,No,Not Paid,Yes,2,
VLT100036,Drunk Driving,2252,Tamil Nadu,2/6/2023,4:44,Scooter,Grey,1996,Uttar Pradesh,45,Female,Learner,10,Dust Storm,Dry,OFF2047,Local Police,Expired,3,No,No,Green,80,118,0.25,Negative,Yes,No,Cash,Yes,5,
VLT100037,Signal Jumping,2411,Karnataka,2/7/2023,23:32,Scooter,White,2017,Karnataka,50,Female,Four-Wheeler,3,Dust Storm,Under Construction,OFF3703,Highway Patrol,Expired,4,Yes,No,Yellow,40,95,0.22,Positive,Yes,Yes,Card,Yes,3,Repeat Offender
VLT100038,Driving Without License,3984,Gujarat,2/8/2023,4:53,Bus,Black,2019,Uttar Pradesh,67,Male,Two-Wheeler,8,Dust Storm,Potholes,OFF3801,Highway Patrol,Valid,3,No,Yes,Green,50,84,0.27,Not Conducted,Yes,Yes,Cash,Yes,2,First Violation
VLT100039,Drunk Driving,2044,Karnataka,2/9/2023,2:55,Bus,Black,2018,West Bengal,47,Other,Heavy Vehicle,2,Dust Storm,Under Construction,OFF2878,Highway Patrol,Suspended,5,Yes,Yes,Green,60,84,0.43,Negative,Yes,Yes,Cash,No,2,Fine Paid On Spot
VLT100040,Signal Jumping,3476,Karnataka,2/10/2023,7:44,Bike,Green,2005,Maharashtra,52,Female,Two-Wheeler,0,Clear,Slippery,OFF7641,Highway Patrol,Suspended,2,N/A,No,Red,40,41,0.45,Not Conducted,Yes,No,Card,Yes,3,First Violation
VLT100041,Driving Without License,801,Delhi,2/11/2023,4:19,Auto Rickshaw,Silver,2013,Karnataka,73,Other,Learner,3,Rainy,Wet,OFF7309,Highway Patrol,Suspended,2,N/A,No,Red,40,102,0.29,Negative,No,Yes,Online,Yes,2,Repeat Offender
VLT100042,Signal Jumping,3215,Uttar Pradesh,2/12/2023,16:19,Truck,Silver,2019,Maharashtra,43,Male,Learner,7,Rainy,Dry,OFF6530,Local Police,Valid,1,No,Yes,Red,60,55,0.2,Not Conducted,Yes,No,Not Paid,Yes,4,First Violation
VLT100043,Overloading,4981,West Bengal,2/13/2023,12:57,Bike,Yellow,2011,Delhi,69,Female,Heavy Vehicle,3,Cloudy,Under Construction,OFF2101,Traffic Police,Suspended,1,N/A,Yes,Green,80,41,0.24,Negative,Yes,Yes,Not Paid,Yes,4,Fine Paid On Spot
VLT100044,Over-speeding,3162,Maharashtra,2/14/2023,2:01,Auto Rickshaw,White,1996,Karnataka,26,Male,Learner,7,Dust Storm,Dry,OFF3879,Traffic Police,Suspended,1,Yes,No,Green,60,73,0.12,Not Conducted,Yes,Yes,Not Paid,Yes,3,
VLT100045,Driving Without License,3809,West Bengal,2/15/2023,11:07,Truck,Green,2015,Tamil Nadu,18,Male,Two-Wheeler,10,Cloudy,Slippery,OFF2516,Local Police,Suspended,3,N/A,No,Yellow,100,87,0.34,Not Conducted,No,Yes,Online,Yes,2,First Violation
VLT100046,No Seatbelt,4716,Punjab,2/16/2023,14:19,Car,Blue,2008,Karnataka,64,Male,Heavy Vehicle,3,Clear,Slippery,OFF8812,Traffic Police,Suspended,4,N/A,No,Yellow,100,56,0.43,Negative,Yes,Yes,Cash,Yes,0,First Violation
VLT100047,Driving Without License,4397,West Bengal,2/17/2023,22:02,Bike,Silver,2008,Gujarat,42,Male,Two-Wheeler,1,Rainy,Wet,OFF5433,Highway Patrol,Valid,1,Yes,Yes,Yellow,30,99,0.27,Negative,Yes,Yes,Cash,Yes,2,
VLT100048,No Seatbelt,3287,Gujarat,2/18/2023,14:37,Bus,Yellow,1999,Delhi,72,Male,Heavy Vehicle,9,Clear,Slippery,OFF6160,Local Police,Suspended,4,N/A,Yes,Red,50,25,0.36,Not Conducted,No,No,Not Paid,No,1,
VLT100049,Driving Without License,1044,Punjab,2/19/2023,3:48,Auto Rickshaw,Blue,1998,Delhi,47,Other,Heavy Vehicle,7,Foggy,Under Construction,OFF2391,Highway Patrol,Expired,2,Yes,No,Green,100,83,0.17,Negative,No,No,Cash,Yes,2,First Violation
VLT100050,Over-speeding,4845,Gujarat,2/20/2023,8:18,Bike,Yellow,1997,Tamil Nadu,18,Female,Heavy Vehicle,3,Foggy,Potholes,OFF8132,Traffic Police,Suspended,2,Yes,No,Red,80,99,0.01,Negative,No,No,Not Paid,No,0,
VLT100051,Signal Jumping,138,Uttar Pradesh,2/21/2023,5:59,Bike,Green,2002,West Bengal,63,Other,Heavy Vehicle,5,Cloudy,Wet,OFF3171,Local Police,Valid,1,Yes,No,Green,40,85,0.22,Positive,Yes,No,Card,Yes,5,Repeat Offender
VLT100052,Overloading,1311,Delhi,2/22/2023,22:21,Bus,White,1995,Delhi,20,Other,Heavy Vehicle,6,Foggy,Slippery,OFF8738,Traffic Police,Valid,5,N/A,No,Green,80,26,0.23,Positive,Yes,No,Cash,No,3,
VLT100053,Overloading,2288,Delhi,2/23/2023,11:30,Scooter,Blue,1995,Delhi,59,Female,Four-Wheeler,1,Dust Storm,Under Construction,OFF3914,Traffic Police,Suspended,2,N/A,Yes,Red,30,45,0.09,Not Conducted,No,Yes,Not Paid,No,0,First Violation
VLT100054,Using Mobile Phone,4138,Tamil Nadu,2/24/2023,21:11,Auto Rickshaw,Black,2013,Karnataka,21,Male,Heavy Vehicle,1,Clear,Under Construction,OFF4211,Highway Patrol,Valid,5,No,No,Green,40,96,0.2,Positive,Yes,Yes,Online,Yes,1,Fine Paid On Spot
VLT100055,Wrong Parking,1177,Uttar Pradesh,2/25/2023,7:50,Truck,Grey,2017,Maharashtra,51,Other,Two-Wheeler,8,Clear,Potholes,OFF4676,Highway Patrol,Expired,1,Yes,No,Green,80,112,0.11,Negative,No,Yes,Not Paid,No,5,
VLT100056,Over-speeding,2034,Tamil Nadu,2/26/2023,17:10,Bike,Black,2014,Karnataka,21,Female,Commercial,7,Clear,Dry,OFF5776,Traffic Police,Suspended,2,Yes,No,Red,100,70,0.16,Negative,Yes,Yes,Card,Yes,4,First Violation
VLT100057,Driving Without License,3162,Tamil Nadu,2/27/2023,9:36,Auto Rickshaw,Grey,2015,Maharashtra,27,Other,Heavy Vehicle,1,Cloudy,Potholes,OFF3351,Local Police,Valid,5,Yes,Yes,Green,50,101,0.41,Positive,Yes,Yes,Cash,Yes,3,
VLT100058,No Helmet,4919,West Bengal,2/28/2023,7:19,Auto Rickshaw,Green,2009,Delhi,72,Male,Commercial,9,Rainy,Under Construction,OFF5019,Highway Patrol,Valid,4,N/A,Yes,Green,80,63,0.27,Not Conducted,No,No,Not Paid,No,5,
VLT100059,Driving Without License,2938,Uttar Pradesh,3/1/2023,18:19,Scooter,Blue,2000,Gujarat,59,Male,Heavy Vehicle,9,Dust Storm,Dry,OFF1118,Highway Patrol,Valid,2,Yes,Yes,Red,100,48,0.32,Negative,Yes,No,Online,Yes,4,Repeat Offender
VLT100060,Overloading,397,Gujarat,3/2/2023,2:56,Scooter,Green,2005,Tamil Nadu,38,Other,Heavy Vehicle,6,Foggy,Wet,OFF6264,Traffic Police,Valid,1,Yes,N/A,Green,60,71,0.12,Positive,No,No,Cash,No,2,Fine Paid On Spot
VLT100061,Driving Without License,331,Karnataka,3/3/2023,12:04,Car,Grey,2022,Punjab,36,Female,Learner,10,Rainy,Slippery,OFF6197,RTO,Suspended,4,N/A,N/A,Red,60,80,0.12,Positive,Yes,No,Card,Yes,5,Fine Paid On Spot
VLT100062,No Seatbelt,2253,Gujarat,3/4/2023,22:54,Bike,Blue,2011,West Bengal,50,Female,Learner,0,Foggy,Slippery,OFF5914,Local Police,Expired,5,Yes,N/A,Green,40,104,0.25,Not Conducted,No,No,Card,Yes,3,First Violation
VLT100063,No Helmet,878,Tamil Nadu,3/5/2023,4:22,Bus,White,2006,West Bengal,35,Male,Commercial,3,Clear,Dry,OFF5450,RTO,Suspended,5,No,N/A,Red,60,49,0.45,Not Conducted,Yes,No,Online,Yes,3,Fine Paid On Spot
VLT100064,Wrong Parking,831,Delhi,3/6/2023,15:38,Bus,Grey,2013,Uttar Pradesh,28,Male,Heavy Vehicle,2,Foggy,Under Construction,OFF1514,Traffic Police,Valid,1,N/A,Yes,Red,100,33,0.3,Not Conducted,No,Yes,Not Paid,Yes,3,First Violation
VLT100065,Drunk Driving,2570,Punjab,3/7/2023,14:57,Truck,White,2023,Karnataka,46,Other,Heavy Vehicle,7,Clear,Dry,OFF4844,RTO,Expired,5,N/A,N/A,Green,80,76,0.24,Positive,No,Yes,Card,Yes,4,Repeat Offender
VLT100066,Wrong Parking,1072,Tamil Nadu,3/8/2023,17:46,Scooter,Red,2005,Delhi,33,Other,Learner,5,Cloudy,Wet,OFF9768,Highway Patrol,Expired,3,Yes,Yes,Red,30,60,0.23,Negative,No,Yes,Not Paid,Yes,2,Repeat Offender
VLT100067,Drunk Driving,4826,Karnataka,3/9/2023,4:12,Bus,Silver,1997,Punjab,60,Female,Two-Wheeler,7,Foggy,Wet,OFF8021,Traffic Police,Valid,2,Yes,No,Yellow,50,88,0.11,Positive,No,No,Online,Yes,0,Repeat Offender
VLT100068,Wrong Parking,3076,West Bengal,3/10/2023,19:00,Bike,Yellow,2000,Maharashtra,44,Male,Heavy Vehicle,2,Clear,Wet,OFF4255,RTO,Valid,5,N/A,N/A,Yellow,80,23,0.03,Not Conducted,Yes,No,Not Paid,Yes,0,
VLT100069,Wrong Parking,3232,Uttar Pradesh,3/11/2023,13:50,Bus,Green,2020,Tamil Nadu,61,Male,Commercial,2,Clear,Dry,OFF7227,Highway Patrol,Expired,2,N/A,N/A,Yellow,80,99,0.18,Not Conducted,Yes,No,Online,No,0,Fine Paid On Spot
VLT100070,Drunk Driving,3604,Delhi,3/12/2023,6:33,Scooter,Silver,2000,Gujarat,32,Female,Two-Wheeler,2,Dust Storm,Potholes,OFF4617,Highway Patrol,Valid,3,No,No,Green,60,108,0.15,Positive,Yes,Yes,Cash,No,0,
VLT100071,Overloading,4577,Punjab,3/13/2023,11:00,Truck,Red,2003,West Bengal,74,Male,Two-Wheeler,7,Dust Storm,Dry,OFF9643,Highway Patrol,Suspended,3,No,No,Yellow,40,34,0.13,Not Conducted,No,No,Cash,No,1,Repeat Offender
VLT100072,Using Mobile Phone,4410,Maharashtra,3/14/2023,6:15,Truck,Yellow,2006,Gujarat,52,Female,Learner,5,Foggy,Wet,OFF8840,Highway Patrol,Expired,3,No,Yes,Green,40,77,0.15,Positive,Yes,Yes,Not Paid,Yes,4,Repeat Offender
VLT100073,Over-speeding,1054,Karnataka,3/15/2023,3:49,Auto Rickshaw,Yellow,2009,Uttar Pradesh,75,Other,Four-Wheeler,3,Dust Storm,Under Construction,OFF5339,Highway Patrol,Expired,2,N/A,N/A,Green,40,58,0.07,Negative,No,Yes,Online,Yes,3,Fine Paid On Spot
VLT100074,Over-speeding,2037,Uttar Pradesh,3/16/2023,7:36,Car,Yellow,2017,Delhi,41,Male,Two-Wheeler,9,Clear,Dry,OFF7157,Traffic Police,Suspended,3,N/A,No,Red,30,105,0.18,Positive,No,Yes,Online,No,4,Repeat Offender
VLT100075,Signal Jumping,1256,Punjab,3/17/2023,9:26,Truck,Red,2017,Punjab,45,Male,Commercial,6,Dust Storm,Wet,OFF7407,Local Police,Suspended,2,N/A,No,Red,30,28,0.32,Negative,No,Yes,Online,No,2,Fine Paid On Spot
VLT100076,Overloading,4679,Gujarat,3/18/2023,15:10,Scooter,White,2020,Uttar Pradesh,49,Other,Learner,6,Clear,Under Construction,OFF5618,RTO,Expired,5,N/A,No,Yellow,80,57,0.44,Positive,No,No,Online,Yes,2,Fine Paid On Spot
VLT100077,Wrong Parking,941,West Bengal,3/19/2023,9:00,Truck,Black,2004,Delhi,63,Male,Commercial,4,Cloudy,Dry,OFF5798,Highway Patrol,Expired,1,Yes,Yes,Green,30,85,0.45,Negative,No,No,Online,No,3,First Violation
VLT100078,No Seatbelt,2236,Gujarat,3/20/2023,12:41,Scooter,White,2022,Uttar Pradesh,57,Male,Two-Wheeler,4,Cloudy,Wet,OFF4922,Local Police,Valid,5,N/A,Yes,Green,100,109,0.09,Not Conducted,Yes,Yes,Cash,No,2,Repeat Offender
VLT100079,Over-speeding,4551,Uttar Pradesh,3/21/2023,2:54,Truck,Red,2018,West Bengal,49,Female,Two-Wheeler,7,Clear,Slippery,OFF9880,RTO,Valid,3,N/A,No,Yellow,30,101,0.24,Positive,No,No,Not Paid,Yes,2,
VLT100080,Driving Without License,4191,Gujarat,3/22/2023,11:16,Auto Rickshaw,Blue,2022,Uttar Pradesh,75,Male,Learner,8,Rainy,Dry,OFF7226,Local Police,Expired,1,Yes,N/A,Green,40,24,0.29,Not Conducted,Yes,Yes,Not Paid,Yes,3,Fine Paid On Spot
VLT100081,Drunk Driving,2215,Karnataka,3/23/2023,14:21,Bus,Red,2007,Punjab,65,Male,Four-Wheeler,8,Cloudy,Slippery,OFF5285,Traffic Police,Expired,4,N/A,Yes,Green,80,46,0.32,Not Conducted,No,Yes,Card,Yes,3,Fine Paid On Spot
VLT100082,Overloading,4912,Punjab,3/24/2023,18:26,Scooter,Grey,2001,Tamil Nadu,27,Other,Four-Wheeler,4,Dust Storm,Under Construction,OFF5583,Highway Patrol,Valid,4,Yes,Yes,Red,60,77,0.32,Negative,No,No,Card,Yes,1,First Violation
VLT100083,Driving Without License,1500,West Bengal,3/25/2023,10:03,Truck,Yellow,2015,Karnataka,74,Male,Two-Wheeler,6,Dust Storm,Slippery,OFF6589,Local Police,Expired,2,No,No,Green,100,60,0.21,Not Conducted,Yes,Yes,Online,Yes,1,First Violation
VLT100084,Drunk Driving,278,Uttar Pradesh,3/26/2023,14:58,Truck,Yellow,2001,Punjab,24,Male,Learner,9,Foggy,Potholes,OFF9543,Traffic Police,Valid,4,No,No,Red,80,44,0.19,Positive,Yes,No,Not Paid,Yes,4,
VLT100085,No Seatbelt,1839,West Bengal,3/27/2023,4:43,Auto Rickshaw,Red,2008,Uttar Pradesh,20,Other,Commercial,0,Rainy,Dry,OFF8507,Highway Patrol,Valid,2,No,Yes,Green,80,26,0.21,Not Conducted,Yes,Yes,Cash,No,3,Repeat Offender
VLT100086,Using Mobile Phone,842,Punjab,3/28/2023,12:32,Bike,Black,2010,Punjab,75,Female,Learner,7,Clear,Wet,OFF6340,Local Police,Expired,1,Yes,No,Green,80,26,0.22,Not Conducted,No,No,Cash,Yes,2,Repeat Offender
VLT100087,Driving Without License,508,Gujarat,3/29/2023,3:12,Auto Rickshaw,Grey,2023,Delhi,71,Male,Heavy Vehicle,8,Dust Storm,Dry,OFF9552,RTO,Expired,1,Yes,No,Red,80,68,0.48,Negative,Yes,Yes,Card,No,4,Fine Paid On Spot
VLT100088,Overloading,1071,Punjab,3/30/2023,20:51,Bus,Grey,2022,West Bengal,53,Other,Four-Wheeler,3,Rainy,Wet,OFF6295,Traffic Police,Valid,4,Yes,No,Green,50,40,0.32,Positive,No,No,Online,Yes,0,Repeat Offender
VLT100089,Drunk Driving,3330,Punjab,3/31/2023,9:32,Bike,Green,2001,Delhi,32,Male,Learner,0,Rainy,Potholes,OFF9896,Local Police,Valid,4,No,No,Green,60,106,0.19,Positive,Yes,No,Online,Yes,3,
VLT100090,Over-speeding,1794,West Bengal,4/1/2023,1:59,Car,Grey,2002,Uttar Pradesh,36,Female,Heavy Vehicle,8,Rainy,Under Construction,OFF6212,Traffic Police,Valid,5,Yes,N/A,Yellow,40,29,0.05,Positive,No,No,Cash,Yes,2,Fine Paid On Spot
VLT100091,No Helmet,563,Tamil Nadu,4/2/2023,11:18,Bus,Grey,2017,West Bengal,28,Male,Two-Wheeler,0,Rainy,Slippery,OFF2069,Local Police,Valid,4,No,No,Red,40,83,0.4,Negative,No,No,Not Paid,Yes,5,First Violation
VLT100092,Over-speeding,1492,Uttar Pradesh,4/3/2023,16:25,Scooter,Yellow,2009,Tamil Nadu,71,Male,Commercial,2,Foggy,Slippery,OFF6108,Traffic Police,Valid,4,Yes,N/A,Yellow,40,115,0.33,Positive,No,Yes,Not Paid,Yes,4,First Violation
VLT100093,Overloading,141,Uttar Pradesh,4/4/2023,11:21,Truck,White,2018,Maharashtra,18,Male,Four-Wheeler,9,Clear,Wet,OFF9071,Highway Patrol,Valid,5,Yes,Yes,Green,60,104,0.05,Negative,Yes,No,Online,No,3,First Violation
VLT100094,No Seatbelt,1368,Punjab,4/5/2023,19:34,Bus,Silver,2001,Delhi,31,Female,Learner,4,Rainy,Under Construction,OFF8983,Highway Patrol,Valid,3,No,Yes,Green,50,20,0.31,Negative,No,Yes,Online,No,3,
VLT100095,Drunk Driving,835,Tamil Nadu,4/6/2023,3:44,Bus,Blue,2003,Punjab,35,Female,Four-Wheeler,8,Cloudy,Dry,OFF2294,RTO,Suspended,4,No,No,Red,30,24,0,Not Conducted,No,Yes,Cash,No,2,Fine Paid On Spot
VLT100096,Over-speeding,4657,Gujarat,4/7/2023,12:56,Truck,Black,2013,Gujarat,31,Other,Four-Wheeler,10,Foggy,Dry,OFF8148,Traffic Police,Valid,4,Yes,No,Green,60,29,0.23,Positive,Yes,No,Card,Yes,1,Repeat Offender
VLT100097,Over-speeding,611,West Bengal,4/8/2023,14:39,Scooter,Blue,2010,West Bengal,43,Male,Learner,5,Rainy,Under Construction,OFF3360,RTO,Valid,2,N/A,No,Red,80,44,0.02,Positive,Yes,Yes,Not Paid,Yes,0,
VLT100098,Wrong Parking,1292,Punjab,4/9/2023,16:06,Bus,Grey,2011,Karnataka,35,Other,Two-Wheeler,0,Rainy,Under Construction,OFF8092,Highway Patrol,Suspended,5,No,No,Green,30,99,0.24,Negative,Yes,Yes,Cash,Yes,5,Fine Paid On Spot
VLT100099,No Seatbelt,3424,West Bengal,4/10/2023,12:42,Scooter,Black,2010,Uttar Pradesh,32,Other,Heavy Vehicle,9,Foggy,Under Construction,OFF6291,Highway Patrol,Valid,3,N/A,Yes,Green,50,58,0.35,Positive,Yes,No,Cash,No,3,Repeat Offender
VLT100100,Over-speeding,1541,Uttar Pradesh,4/11/2023,9:48,Bike,Grey,2005,West Bengal,31,Female,Commercial,9,Rainy,Slippery,OFF8868,Local Police,Valid,2,Yes,No,Yellow,60,38,0.1,Not Conducted,Yes,No,Online,Yes,2,Repeat Offender
VLT100101,Using Mobile Phone,3591,Gujarat,4/12/2023,10:48,Scooter,Silver,2009,Tamil Nadu,64,Female,Learner,9,Cloudy,Wet,OFF9025,RTO,Suspended,2,N/A,N/A,Yellow,50,111,0.07,Positive,No,No,Card,No,4,
VLT100102,Overloading,4981,Maharashtra,4/13/2023,13:43,Bike,Black,2023,Punjab,66,Other,Two-Wheeler,7,Rainy,Wet,OFF5047,Traffic Police,Suspended,3,No,No,Yellow,50,77,0,Negative,Yes,Yes,Not Paid,Yes,5,First Violation
VLT100103,Wrong Parking,445,Delhi,4/14/2023,4:26,Bike,Red,2003,Uttar Pradesh,63,Female,Learner,7,Cloudy,Dry,OFF6997,RTO,Valid,1,N/A,N/A,Yellow,50,84,0.33,Not Conducted,Yes,Yes,Card,Yes,5,First Violation
VLT100104,No Helmet,4273,Tamil Nadu,4/15/2023,5:08,Truck,Blue,2015,Uttar Pradesh,73,Other,Four-Wheeler,0,Dust Storm,Under Construction,OFF9139,Local Police,Expired,5,Yes,No,Green,60,32,0.06,Positive,No,Yes,Not Paid,Yes,4,
VLT100105,Over-speeding,775,Maharashtra,4/16/2023,17:40,Car,Black,2002,Gujarat,21,Male,Two-Wheeler,6,Foggy,Dry,OFF6359,Highway Patrol,Expired,3,N/A,No,Green,30,36,0.36,Positive,Yes,Yes,Not Paid,No,2,First Violation
VLT100106,Driving Without License,840,Delhi,4/17/2023,12:39,Scooter,Silver,2023,Karnataka,48,Other,Commercial,8,Clear,Under Construction,OFF6748,Highway Patrol,Suspended,1,N/A,N/A,Red,60,110,0.24,Negative,Yes,Yes,Not Paid,Yes,1,Repeat Offender
VLT100107,Over-speeding,2662,Punjab,4/18/2023,9:05,Truck,Red,1997,Uttar Pradesh,64,Male,Four-Wheeler,6,Clear,Wet,OFF6066,Local Police,Valid,3,No,N/A,Red,80,71,0.25,Negative,No,No,Online,Yes,3,
VLT100108,No Helmet,1079,Punjab,4/19/2023,23:09,Auto Rickshaw,Grey,1995,Karnataka,26,Male,Commercial,3,Cloudy,Potholes,OFF4221,Local Police,Expired,3,N/A,Yes,Red,100,88,0.2,Positive,No,No,Card,No,0,
VLT100109,Signal Jumping,1174,Maharashtra,4/20/2023,15:26,Bus,White,2005,Tamil Nadu,70,Male,Two-Wheeler,0,Cloudy,Wet,OFF5344,Traffic Police,Valid,5,N/A,Yes,Yellow,80,46,0.31,Negative,No,Yes,Cash,No,0,First Violation
VLT100110,Driving Without License,1068,West Bengal,4/21/2023,23:26,Scooter,Black,2004,Delhi,74,Other,Commercial,7,Cloudy,Potholes,OFF7173,Highway Patrol,Valid,1,No,N/A,Green,40,98,0.41,Negative,Yes,Yes,Cash,Yes,5,First Violation
VLT100111,No Seatbelt,4318,Maharashtra,4/22/2023,2:51,Bike,Grey,2006,Uttar Pradesh,46,Female,Commercial,10,Clear,Slippery,OFF3644,RTO,Suspended,5,N/A,Yes,Red,60,82,0.02,Negative,No,No,Cash,Yes,0,First Violation
VLT100112,Signal Jumping,2224,West Bengal,4/23/2023,2:50,Car,Silver,2023,Maharashtra,56,Male,Learner,2,Clear,Potholes,OFF4274,RTO,Suspended,3,N/A,N/A,Red,100,69,0.2,Not Conducted,No,Yes,Online,Yes,2,First Violation
VLT100113,No Seatbelt,354,Karnataka,4/24/2023,18:43,Bus,White,2010,Karnataka,64,Male,Four-Wheeler,9,Cloudy,Wet,OFF5750,RTO,Expired,2,N/A,N/A,Red,40,61,0.17,Positive,Yes,Yes,Cash,Yes,4,First Violation
VLT100114,Wrong Parking,900,Maharashtra,4/25/2023,23:07,Auto Rickshaw,Silver,2011,Karnataka,57,Female,Heavy Vehicle,7,Dust Storm,Slippery,OFF9363,Highway Patrol,Expired,2,N/A,Yes,Yellow,40,45,0.2,Not Conducted,Yes,No,Online,Yes,5,First Violation
VLT100115,Wrong Parking,3302,Karnataka,4/26/2023,17:12,Bike,White,2012,Karnataka,49,Other,Four-Wheeler,4,Cloudy,Potholes,OFF6780,Local Police,Suspended,4,N/A,Yes,Green,60,66,0.47,Negative,Yes,Yes,Not Paid,No,5,Repeat Offender
VLT100116,No Seatbelt,3110,Gujarat,4/27/2023,5:12,Bus,Blue,2020,Delhi,20,Male,Four-Wheeler,9,Clear,Wet,OFF8470,Highway Patrol,Expired,2,Yes,No,Yellow,50,98,0.25,Not Conducted,No,No,Cash,No,2,First Violation
VLT100117,Overloading,2877,Punjab,4/28/2023,21:01,Truck,Grey,2023,Gujarat,72,Other,Four-Wheeler,4,Rainy,Wet,OFF2779,Local Police,Valid,3,N/A,No,Green,40,30,0.21,Not Conducted,No,No,Not Paid,No,3,First Violation
VLT100118,No Seatbelt,4372,West Bengal,4/29/2023,1:05,Bike,Silver,2018,Uttar Pradesh,62,Male,Heavy Vehicle,9,Clear,Wet,OFF5000,Local Police,Suspended,4,Yes,N/A,Red,40,115,0.13,Positive,Yes,No,Card,Yes,3,First Violation
VLT100119,Using Mobile Phone,4808,Tamil Nadu,4/30/2023,22:11,Scooter,Red,2022,Gujarat,26,Other,Commercial,6,Rainy,Wet,OFF5688,Highway Patrol,Valid,5,N/A,No,Green,30,64,0.07,Not Conducted,No,No,Card,No,5,
VLT100120,Using Mobile Phone,2710,Punjab,5/1/2023,12:23,Scooter,Yellow,2013,Maharashtra,58,Female,Heavy Vehicle,6,Dust Storm,Dry,OFF7297,Traffic Police,Valid,3,N/A,No,Yellow,50,101,0.45,Not Conducted,Yes,No,Card,No,5,First Violation
VLT100121,Driving Without License,2068,West Bengal,5/2/2023,7:03,Car,White,2020,Delhi,56,Male,Commercial,3,Dust Storm,Dry,OFF2200,Traffic Police,Valid,3,No,Yes,Yellow,40,117,0.25,Negative,Yes,No,Not Paid,No,5,First Violation
VLT100122,No Seatbelt,1216,Punjab,5/3/2023,23:24,Scooter,Green,2003,Gujarat,64,Male,Four-Wheeler,1,Rainy,Wet,OFF6722,Highway Patrol,Suspended,2,Yes,N/A,Red,40,94,0.47,Not Conducted,No,Yes,Card,No,3,
VLT100123,Using Mobile Phone,1457,Uttar Pradesh,5/4/2023,10:05,Bike,Green,2000,Punjab,74,Other,Commercial,1,Foggy,Slippery,OFF6951,RTO,Suspended,2,N/A,Yes,Green,50,25,0.08,Positive,Yes,Yes,Cash,No,2,Repeat Offender
VLT100124,Driving Without License,4479,Tamil Nadu,5/5/2023,23:33,Auto Rickshaw,Black,2009,West Bengal,48,Female,Four-Wheeler,8,Rainy,Potholes,OFF4182,Highway Patrol,Suspended,2,No,Yes,Yellow,60,83,0.38,Not Conducted,No,Yes,Card,No,5,Repeat Offender
VLT100125,No Helmet,2646,Tamil Nadu,5/6/2023,10:10,Auto Rickshaw,Silver,1999,Gujarat,59,Other,Two-Wheeler,1,Foggy,Wet,OFF2656,Local Police,Suspended,5,No,N/A,Green,100,40,0.17,Negative,Yes,Yes,Not Paid,Yes,0,
VLT100126,Over-speeding,2468,Gujarat,5/7/2023,8:14,Car,Yellow,1995,Punjab,48,Female,Commercial,6,Clear,Slippery,OFF6240,RTO,Valid,4,N/A,No,Green,60,99,0.25,Positive,Yes,Yes,Online,No,3,
VLT100127,Over-speeding,662,Punjab,5/8/2023,10:47,Truck,White,2015,Karnataka,55,Other,Two-Wheeler,5,Dust Storm,Slippery,OFF8788,Highway Patrol,Expired,3,N/A,No,Green,50,59,0.19,Not Conducted,Yes,No,Online,Yes,4,First Violation
VLT100128,Wrong Parking,4893,Punjab,5/9/2023,9:11,Bus,Silver,2004,Maharashtra,46,Female,Heavy Vehicle,7,Dust Storm,Dry,OFF5073,Traffic Police,Suspended,5,No,No,Green,100,80,0.18,Negative,No,Yes,Online,Yes,1,
VLT100129,No Seatbelt,2160,Delhi,5/10/2023,21:35,Truck,Black,2004,West Bengal,35,Female,Heavy Vehicle,6,Foggy,Dry,OFF1111,Local Police,Suspended,2,N/A,No,Red,80,65,0.47,Not Conducted,Yes,No,Card,No,0,Fine Paid On Spot
VLT100130,No Helmet,1147,Maharashtra,5/11/2023,19:31,Car,Black,2000,Tamil Nadu,29,Female,Learner,2,Foggy,Wet,OFF3948,RTO,Suspended,1,No,N/A,Yellow,30,101,0.08,Negative,Yes,Yes,Online,No,0,Fine Paid On Spot
VLT100131,Signal Jumping,1762,West Bengal,5/12/2023,12:49,Car,White,1995,Gujarat,22,Female,Heavy Vehicle,9,Rainy,Wet,OFF8634,Local Police,Valid,2,Yes,Yes,Yellow,40,28,0.05,Negative,No,No,Not Paid,Yes,0,Fine Paid On Spot
VLT100132,Wrong Parking,2676,Karnataka,5/13/2023,3:17,Bike,Black,2020,Uttar Pradesh,62,Female,Learner,3,Dust Storm,Slippery,OFF4310,Traffic Police,Suspended,5,No,No,Yellow,100,110,0.09,Positive,No,No,Not Paid,Yes,2,Fine Paid On Spot
VLT100133,Signal Jumping,1695,Punjab,5/14/2023,2:28,Truck,Black,1999,West Bengal,64,Other,Four-Wheeler,6,Rainy,Slippery,OFF2496,Highway Patrol,Expired,5,No,No,Red,30,115,0.13,Positive,No,No,Not Paid,No,1,
VLT100134,Using Mobile Phone,2290,Uttar Pradesh,5/15/2023,4:40,Bike,Grey,2001,Tamil Nadu,57,Other,Heavy Vehicle,8,Clear,Under Construction,OFF3334,Traffic Police,Valid,1,No,No,Yellow,100,24,0.22,Positive,No,Yes,Cash,Yes,4,First Violation
VLT100135,Over-speeding,2283,Maharashtra,5/16/2023,18:25,Auto Rickshaw,Green,2023,Uttar Pradesh,69,Other,Commercial,9,Foggy,Dry,OFF5224,Local Police,Suspended,3,N/A,Yes,Green,80,63,0.21,Not Conducted,Yes,No,Cash,No,0,Repeat Offender
VLT100136,Wrong Parking,1592,Tamil Nadu,5/17/2023,20:21,Auto Rickshaw,White,2006,Gujarat,75,Female,Heavy Vehicle,5,Rainy,Dry,OFF5522,Traffic Police,Suspended,3,Yes,No,Yellow,50,71,0.37,Not Conducted,Yes,Yes,Cash,Yes,1,Repeat Offender
VLT100137,Over-speeding,3557,Maharashtra,5/18/2023,17:03,Car,Black,2001,Delhi,73,Female,Heavy Vehicle,0,Clear,Potholes,OFF1005,Highway Patrol,Suspended,3,Yes,Yes,Red,30,53,0.25,Not Conducted,No,No,Cash,No,3,
VLT100138,No Seatbelt,2825,Gujarat,5/19/2023,16:07,Truck,Silver,1999,Uttar Pradesh,38,Male,Two-Wheeler,5,Clear,Under Construction,OFF8333,Local Police,Suspended,3,No,No,Green,30,78,0.49,Positive,No,No,Not Paid,No,3,Fine Paid On Spot
VLT100139,Driving Without License,4110,Maharashtra,5/20/2023,2:08,Car,Grey,1999,Delhi,67,Other,Learner,8,Rainy,Slippery,OFF1834,Traffic Police,Expired,3,N/A,No,Red,50,83,0.49,Negative,Yes,Yes,Online,Yes,1,Repeat Offender
VLT100140,Drunk Driving,567,Maharashtra,5/21/2023,3:53,Auto Rickshaw,Black,2008,Delhi,31,Male,Commercial,7,Foggy,Slippery,OFF1939,RTO,Suspended,4,Yes,No,Red,50,82,0.04,Positive,Yes,Yes,Card,No,2,Fine Paid On Spot
VLT100141,Driving Without License,4792,Gujarat,5/22/2023,18:19,Scooter,Red,2009,Tamil Nadu,43,Male,Four-Wheeler,2,Cloudy,Dry,OFF9332,Highway Patrol,Suspended,2,N/A,Yes,Green,60,37,0.14,Negative,No,No,Not Paid,No,1,Repeat Offender
VLT100142,Drunk Driving,3451,West Bengal,5/23/2023,14:10,Bus,Silver,2005,Delhi,61,Male,Heavy Vehicle,3,Rainy,Slippery,OFF3925,Local Police,Suspended,2,N/A,Yes,Green,30,96,0.43,Negative,No,Yes,Online,No,0,Fine Paid On Spot
VLT100143,Wrong Parking,3050,Delhi,5/24/2023,16:57,Bus,Silver,2000,Uttar Pradesh,23,Female,Heavy Vehicle,4,Rainy,Dry,OFF1614,Local Police,Suspended,4,No,Yes,Green,80,120,0.15,Positive,No,Yes,Not Paid,No,2,
VLT100144,Signal Jumping,2345,Punjab,5/25/2023,17:15,Scooter,Red,1995,Uttar Pradesh,21,Female,Commercial,2,Rainy,Potholes,OFF8756,Highway Patrol,Valid,5,No,Yes,Red,30,54,0.47,Negative,No,Yes,Not Paid,Yes,4,
VLT100145,Wrong Parking,1448,Delhi,5/26/2023,8:41,Car,Blue,2009,Gujarat,34,Female,Learner,9,Rainy,Slippery,OFF6532,RTO,Suspended,2,No,N/A,Red,30,95,0.35,Negative,No,No,Not Paid,No,3,
VLT100146,Using Mobile Phone,2207,Tamil Nadu,5/27/2023,17:08,Scooter,Silver,2017,Punjab,74,Female,Commercial,2,Cloudy,Slippery,OFF5002,Highway Patrol,Valid,4,Yes,No,Red,100,96,0.45,Positive,No,No,Online,No,1,Repeat Offender
VLT100147,Drunk Driving,1963,West Bengal,5/28/2023,0:28,Car,Red,2022,Punjab,51,Other,Commercial,0,Clear,Wet,OFF3721,RTO,Expired,4,Yes,No,Red,50,37,0.42,Negative,No,Yes,Cash,Yes,2,Fine Paid On Spot
VLT100148,Signal Jumping,4793,Punjab,5/29/2023,13:51,Bike,Silver,2006,Uttar Pradesh,44,Female,Heavy Vehicle,4,Cloudy,Dry,OFF1818,Traffic Police,Valid,3,Yes,Yes,Red,80,21,0.13,Negative,Yes,Yes,Card,No,1,First Violation
VLT100149,Wrong Parking,2783,Tamil Nadu,5/30/2023,10:28,Truck,Blue,2016,Gujarat,26,Other,Four-Wheeler,3,Dust Storm,Dry,OFF4707,Traffic Police,Suspended,3,No,N/A,Red,30,106,0.35,Negative,Yes,Yes,Card,No,5,Fine Paid On Spot
VLT100150,Drunk Driving,2597,Maharashtra,5/31/2023,20:12,Auto Rickshaw,Green,2021,Punjab,55,Female,Commercial,0,Cloudy,Potholes,OFF5756,Traffic Police,Valid,2,No,N/A,Green,50,85,0.33,Negative,No,Yes,Card,No,3,Repeat Offender
VLT100151,Driving Without License,276,Tamil Nadu,6/1/2023,11:11,Scooter,Silver,2022,Punjab,70,Male,Two-Wheeler,6,Clear,Under Construction,OFF7212,Local Police,Suspended,2,No,Yes,Yellow,40,30,0.15,Not Conducted,Yes,No,Online,No,5,Repeat Offender
VLT100152,Drunk Driving,4923,Maharashtra,6/2/2023,8:11,Scooter,Blue,1997,Maharashtra,26,Male,Two-Wheeler,4,Dust Storm,Slippery,OFF1687,RTO,Suspended,2,No,No,Red,60,41,0.04,Negative,No,Yes,Not Paid,No,0,Repeat Offender
VLT100153,Wrong Parking,2290,West Bengal,6/3/2023,21:04,Truck,Yellow,1997,Maharashtra,38,Female,Learner,5,Foggy,Dry,OFF2264,Highway Patrol,Expired,4,N/A,No,Green,80,97,0.28,Positive,Yes,No,Cash,Yes,5,Fine Paid On Spot
VLT100154,Drunk Driving,2883,Tamil Nadu,6/4/2023,10:53,Car,Blue,2004,Punjab,24,Male,Two-Wheeler,5,Dust Storm,Dry,OFF7081,Highway Patrol,Expired,2,No,No,Green,50,99,0.34,Positive,No,No,Not Paid,Yes,2,
VLT100155,No Helmet,3128,Gujarat,6/5/2023,14:42,Bike,Black,2019,West Bengal,18,Other,Four-Wheeler,7,Dust Storm,Slippery,OFF6480,Highway Patrol,Suspended,3,No,No,Red,60,41,0.19,Not Conducted,No,Yes,Card,No,3,
VLT100156,Driving Without License,4983,Delhi,6/6/2023,10:21,Bike,Blue,2011,Gujarat,41,Other,Heavy Vehicle,4,Clear,Under Construction,OFF7718,Highway Patrol,Expired,3,Yes,No,Red,50,74,0.34,Positive,No,Yes,Online,Yes,4,
VLT100157,Driving Without License,2331,Punjab,6/7/2023,19:15,Bus,Red,2011,West Bengal,56,Male,Commercial,7,Clear,Under Construction,OFF5595,Highway Patrol,Suspended,5,N/A,No,Green,30,92,0.4,Positive,Yes,Yes,Cash,Yes,1,Repeat Offender
VLT100158,Driving Without License,4619,West Bengal,6/8/2023,6:26,Scooter,Silver,1999,Karnataka,67,Male,Two-Wheeler,6,Rainy,Wet,OFF8122,Traffic Police,Suspended,1,Yes,Yes,Green,100,88,0.43,Negative,No,No,Cash,Yes,0,Fine Paid On Spot
VLT100159,Drunk Driving,1228,West Bengal,6/9/2023,12:55,Truck,White,2019,West Bengal,47,Male,Four-Wheeler,8,Clear,Potholes,OFF3581,RTO,Valid,2,No,N/A,Red,100,83,0.37,Negative,No,Yes,Card,Yes,4,
VLT100160,Over-speeding,4335,Tamil Nadu,6/10/2023,15:56,Bus,Red,2011,Uttar Pradesh,35,Other,Heavy Vehicle,0,Clear,Wet,OFF7007,RTO,Suspended,4,No,No,Red,80,49,0.21,Negative,No,No,Online,No,1,First Violation
VLT100161,Over-speeding,3138,Tamil Nadu,6/11/2023,17:51,Auto Rickshaw,Silver,1997,Tamil Nadu,71,Other,Heavy Vehicle,0,Clear,Wet,OFF2783,Traffic Police,Expired,3,N/A,Yes,Green,40,31,0.05,Negative,No,Yes,Online,Yes,5,Fine Paid On Spot
VLT100162,Driving Without License,791,Tamil Nadu,6/12/2023,14:50,Truck,Green,1999,Punjab,45,Other,Commercial,4,Rainy,Wet,OFF9226,Local Police,Expired,3,N/A,N/A,Green,40,113,0.16,Positive,Yes,Yes,Online,No,4,First Violation
VLT100163,Driving Without License,4779,Maharashtra,6/13/2023,20:59,Scooter,Green,1996,West Bengal,36,Female,Heavy Vehicle,2,Rainy,Dry,OFF5247,Local Police,Suspended,3,N/A,N/A,Yellow,100,20,0.12,Negative,No,No,Cash,Yes,3,Repeat Offender
VLT100164,Wrong Parking,1121,West Bengal,6/14/2023,8:03,Auto Rickshaw,Black,2002,Maharashtra,73,Other,Commercial,9,Foggy,Potholes,OFF3679,Local Police,Valid,5,Yes,Yes,Yellow,80,77,0.11,Positive,Yes,Yes,Card,Yes,2,Repeat Offender
VLT100165,Drunk Driving,4921,Tamil Nadu,6/15/2023,4:36,Truck,Black,2010,West Bengal,44,Other,Two-Wheeler,10,Rainy,Slippery,OFF8721,Highway Patrol,Valid,2,N/A,N/A,Red,60,118,0.46,Negative,Yes,No,Card,No,2,Fine Paid On Spot
VLT100166,No Helmet,3701,Gujarat,6/16/2023,4:43,Bike,Silver,1999,Tamil Nadu,58,Other,Learner,10,Cloudy,Under Construction,OFF4621,Highway Patrol,Expired,5,No,Yes,Green,100,34,0.29,Positive,Yes,No,Cash,No,2,Fine Paid On Spot
VLT100167,Overloading,115,Maharashtra,6/17/2023,2:47,Bus,Red,2015,West Bengal,61,Female,Heavy Vehicle,5,Rainy,Dry,OFF9107,RTO,Valid,5,N/A,Yes,Red,80,31,0.09,Not Conducted,No,No,Card,Yes,1,
VLT100168,No Helmet,1761,Gujarat,6/18/2023,13:57,Car,Grey,2002,Delhi,59,Other,Learner,10,Clear,Under Construction,OFF6233,Traffic Police,Valid,5,N/A,N/A,Yellow,50,97,0.27,Negative,Yes,Yes,Cash,Yes,1,First Violation
VLT100169,Signal Jumping,1959,Delhi,6/19/2023,6:37,Bike,Grey,2004,Delhi,36,Male,Four-Wheeler,3,Clear,Under Construction,OFF9818,Highway Patrol,Valid,1,No,N/A,Green,50,58,0.43,Negative,No,No,Not Paid,Yes,1,Repeat Offender
VLT100170,Wrong Parking,4579,Tamil Nadu,6/20/2023,17:02,Bike,Yellow,2022,Tamil Nadu,67,Male,Heavy Vehicle,7,Dust Storm,Under Construction,OFF9531,Highway Patrol,Expired,3,N/A,No,Yellow,50,88,0.3,Not Conducted,Yes,No,Card,No,3,Repeat Offender
VLT100171,Wrong Parking,1551,Karnataka,6/21/2023,3:19,Auto Rickshaw,Red,2022,Gujarat,62,Male,Commercial,9,Clear,Dry,OFF7357,Highway Patrol,Expired,4,No,No,Green,30,27,0.32,Negative,No,No,Online,Yes,4,Repeat Offender
VLT100172,Wrong Parking,2381,Uttar Pradesh,6/22/2023,2:44,Bike,Red,2001,Punjab,46,Male,Commercial,1,Cloudy,Under Construction,OFF4294,Traffic Police,Expired,3,N/A,Yes,Red,100,40,0.08,Negative,Yes,Yes,Not Paid,Yes,0,First Violation
VLT100173,Driving Without License,571,West Bengal,6/23/2023,7:04,Car,White,2011,Karnataka,21,Other,Four-Wheeler,0,Cloudy,Under Construction,OFF5053,Highway Patrol,Expired,2,N/A,N/A,Green,30,72,0.31,Negative,No,Yes,Card,Yes,1,First Violation
VLT100174,No Helmet,100,Punjab,6/24/2023,15:06,Bike,Blue,2008,Uttar Pradesh,49,Other,Two-Wheeler,0,Foggy,Dry,OFF5679,Local Police,Expired,1,Yes,Yes,Red,60,106,0,Not Conducted,Yes,No,Cash,Yes,2,Fine Paid On Spot
VLT100175,Signal Jumping,1255,Punjab,6/25/2023,7:14,Bus,Black,2019,Punjab,71,Other,Four-Wheeler,3,Rainy,Slippery,OFF5643,RTO,Valid,2,No,No,Green,30,26,0.35,Not Conducted,No,Yes,Online,Yes,3,
VLT100176,Overloading,2449,Karnataka,6/26/2023,20:49,Bike,Green,2021,West Bengal,51,Female,Heavy Vehicle,8,Cloudy,Wet,OFF8343,Highway Patrol,Valid,2,No,No,Yellow,30,31,0.24,Positive,Yes,No,Online,Yes,2,
VLT100177,No Helmet,310,Maharashtra,6/27/2023,14:31,Scooter,Silver,2018,Karnataka,69,Male,Heavy Vehicle,7,Cloudy,Slippery,OFF8712,Traffic Police,Expired,4,No,N/A,Red,80,98,0.31,Negative,Yes,No,Cash,No,2,
VLT100178,Driving Without License,1605,Uttar Pradesh,6/28/2023,5:22,Scooter,Black,2010,Maharashtra,26,Female,Heavy Vehicle,6,Dust Storm,Under Construction,OFF6217,Highway Patrol,Expired,1,N/A,N/A,Green,60,84,0.25,Positive,No,Yes,Not Paid,No,5,Repeat Offender
VLT100179,Overloading,3621,West Bengal,6/29/2023,18:21,Bus,Grey,2005,West Bengal,18,Other,Learner,5,Dust Storm,Slippery,OFF6617,Local Police,Suspended,4,Yes,No,Red,40,59,0.02,Negative,Yes,No,Card,Yes,4,Fine Paid On Spot
VLT100180,Using Mobile Phone,1355,West Bengal,6/30/2023,6:34,Scooter,Black,2005,Punjab,41,Female,Learner,3,Foggy,Slippery,OFF3008,RTO,Expired,3,No,Yes,Yellow,60,79,0.32,Not Conducted,No,No,Card,No,1,First Violation
VLT100181,Driving Without License,316,Maharashtra,7/1/2023,0:31,Auto Rickshaw,Yellow,2020,Maharashtra,53,Other,Heavy Vehicle,0,Foggy,Wet,OFF6517,RTO,Suspended,4,No,Yes,Yellow,100,88,0.28,Negative,No,No,Not Paid,Yes,1,Fine Paid On Spot
VLT100182,No Seatbelt,2962,Delhi,7/2/2023,14:00,Scooter,Grey,2014,Tamil Nadu,70,Female,Heavy Vehicle,3,Foggy,Slippery,OFF1619,RTO,Suspended,4,N/A,Yes,Green,80,91,0.33,Negative,Yes,Yes,Cash,Yes,5,Repeat Offender
VLT100183,Overloading,2686,Karnataka,7/3/2023,7:05,Truck,Silver,2000,Maharashtra,65,Male,Learner,0,Clear,Wet,OFF9693,Traffic Police,Valid,3,N/A,Yes,Red,100,41,0.24,Negative,Yes,No,Cash,No,5,Repeat Offender
VLT100184,Drunk Driving,933,Delhi,7/4/2023,4:45,Bus,White,2017,Tamil Nadu,49,Other,Two-Wheeler,7,Cloudy,Slippery,OFF3224,Local Police,Suspended,4,No,N/A,Green,80,29,0.26,Positive,Yes,Yes,Cash,No,4,Repeat Offender
VLT100185,Over-speeding,601,Karnataka,7/5/2023,3:43,Car,Grey,2017,Maharashtra,64,Male,Commercial,8,Foggy,Under Construction,OFF4208,Local Police,Expired,3,N/A,Yes,Yellow,50,42,0.47,Positive,Yes,Yes,Cash,No,2,Fine Paid On Spot
VLT100186,No Helmet,1252,Karnataka,7/6/2023,7:25,Bus,Red,1997,Tamil Nadu,63,Other,Heavy Vehicle,0,Foggy,Slippery,OFF4203,Highway Patrol,Suspended,2,N/A,No,Red,30,77,0.07,Positive,Yes,No,Cash,Yes,2,
VLT100187,No Helmet,2000,Karnataka,7/7/2023,18:08,Scooter,Grey,2020,Delhi,38,Other,Commercial,5,Cloudy,Dry,OFF6558,RTO,Expired,2,N/A,Yes,Red,30,87,0.46,Negative,Yes,Yes,Online,Yes,0,First Violation
VLT100188,Over-speeding,599,Gujarat,7/8/2023,5:43,Truck,Black,2023,Karnataka,70,Female,Four-Wheeler,0,Dust Storm,Dry,OFF3309,Local Police,Valid,3,Yes,Yes,Green,30,37,0.04,Not Conducted,No,Yes,Not Paid,No,0,First Violation
VLT100189,Using Mobile Phone,188,Tamil Nadu,7/9/2023,1:45,Car,Green,2007,West Bengal,68,Male,Commercial,6,Clear,Under Construction,OFF8407,Highway Patrol,Expired,4,Yes,No,Yellow,60,23,0.08,Negative,No,Yes,Card,No,3,First Violation
VLT100190,No Seatbelt,1921,Karnataka,7/10/2023,20:58,Auto Rickshaw,White,2015,Gujarat,26,Female,Commercial,4,Rainy,Under Construction,OFF1602,RTO,Expired,1,Yes,Yes,Green,100,89,0.38,Not Conducted,Yes,No,Online,No,5,Repeat Offender
VLT100191,Over-speeding,3631,Uttar Pradesh,7/11/2023,21:39,Bike,Yellow,2000,Maharashtra,52,Other,Four-Wheeler,2,Clear,Slippery,OFF6541,Highway Patrol,Expired,5,No,Yes,Yellow,30,64,0.41,Positive,No,No,Card,Yes,5,
VLT100192,Wrong Parking,1764,Delhi,7/12/2023,14:15,Bike,Black,2013,Tamil Nadu,20,Other,Learner,9,Clear,Dry,OFF2948,Highway Patrol,Valid,2,N/A,No,Red,40,33,0.23,Not Conducted,Yes,Yes,Cash,No,3,First Violation
VLT100193,Using Mobile Phone,1071,West Bengal,7/13/2023,5:51,Truck,Green,2005,Tamil Nadu,54,Female,Heavy Vehicle,9,Rainy,Under Construction,OFF5902,RTO,Valid,3,N/A,Yes,Green,80,34,0.46,Negative,No,No,Cash,No,1,Fine Paid On Spot
VLT100194,No Helmet,453,Karnataka,7/14/2023,22:16,Auto Rickshaw,Blue,2020,Punjab,58,Other,Heavy Vehicle,2,Dust Storm,Dry,OFF3719,Local Police,Expired,1,No,N/A,Yellow,80,41,0.24,Negative,No,Yes,Online,Yes,2,Repeat Offender
VLT100195,Overloading,2067,Punjab,7/15/2023,11:39,Truck,Blue,2010,Gujarat,52,Male,Two-Wheeler,2,Foggy,Slippery,OFF8283,Traffic Police,Suspended,5,No,N/A,Green,50,116,0.24,Positive,No,Yes,Card,No,1,Fine Paid On Spot
VLT100196,Over-speeding,3199,Punjab,7/16/2023,0:26,Scooter,Grey,2006,Punjab,73,Other,Four-Wheeler,4,Rainy,Dry,OFF9106,Highway Patrol,Expired,3,Yes,N/A,Green,30,71,0.28,Negative,No,Yes,Not Paid,Yes,0,First Violation
VLT100197,Signal Jumping,1807,Maharashtra,7/17/2023,23:48,Bike,Grey,2010,Gujarat,29,Other,Commercial,6,Foggy,Potholes,OFF9193,RTO,Expired,1,No,No,Yellow,100,77,0.5,Positive,No,No,Cash,Yes,5,First Violation
VLT100198,Wrong Parking,2254,Gujarat,7/18/2023,20:28,Auto Rickshaw,Grey,2004,Uttar Pradesh,20,Male,Four-Wheeler,8,Dust Storm,Potholes,OFF1861,RTO,Valid,1,N/A,No,Green,30,41,0.35,Positive,No,Yes,Online,No,2,Fine Paid On Spot
VLT100199,Wrong Parking,909,Delhi,7/19/2023,4:39,Truck,Red,2007,West Bengal,22,Male,Heavy Vehicle,9,Dust Storm,Slippery,OFF7500,Local Police,Suspended,4,Yes,N/A,Yellow,30,99,0.13,Not Conducted,No,Yes,Card,Yes,5,First Violation
VLT100200,No Seatbelt,1959,West Bengal,7/20/2023,14:32,Truck,Yellow,1997,Punjab,59,Female,Learner,10,Dust Storm,Slippery,OFF9882,Highway Patrol,Valid,1,No,No,Green,30,116,0.32,Negative,No,No,Card,Yes,3,First Violation
VLT100201,No Helmet,4766,Delhi,7/21/2023,2:09,Scooter,White,2001,Tamil Nadu,27,Male,Commercial,9,Dust Storm,Potholes,OFF1404,Local Police,Expired,4,No,Yes,Red,50,47,0.37,Not Conducted,Yes,Yes,Not Paid,Yes,4,
VLT100202,Over-speeding,4797,West Bengal,7/22/2023,20:05,Truck,Silver,2005,Gujarat,30,Male,Commercial,10,Clear,Dry,OFF4383,Local Police,Expired,3,N/A,No,Yellow,60,58,0.14,Positive,Yes,Yes,Cash,Yes,2,
VLT100203,No Helmet,222,Tamil Nadu,7/23/2023,9:32,Bike,Red,2002,Punjab,19,Male,Heavy Vehicle,4,Cloudy,Under Construction,OFF1539,Local Police,Expired,3,No,No,Green,50,36,0.19,Positive,No,No,Card,Yes,0,First Violation
VLT100204,No Helmet,2818,Maharashtra,7/24/2023,13:13,Bike,Black,2011,West Bengal,54,Male,Commercial,9,Dust Storm,Slippery,OFF1493,Highway Patrol,Valid,5,Yes,Yes,Red,30,89,0.08,Positive,Yes,No,Not Paid,No,3,
VLT100205,Signal Jumping,277,Karnataka,7/25/2023,20:19,Bike,Blue,2018,Gujarat,38,Other,Learner,10,Clear,Dry,OFF3510,Local Police,Valid,3,Yes,Yes,Red,60,102,0.05,Negative,Yes,Yes,Online,Yes,4,First Violation
VLT100206,Overloading,1112,Maharashtra,7/26/2023,10:55,Truck,Yellow,2007,Maharashtra,47,Male,Heavy Vehicle,8,Rainy,Dry,OFF7702,Traffic Police,Suspended,4,Yes,No,Yellow,30,78,0.03,Positive,Yes,Yes,Not Paid,No,0,
VLT100207,Wrong Parking,2413,West Bengal,7/27/2023,13:34,Bus,Red,2011,Uttar Pradesh,64,Female,Commercial,5,Rainy,Dry,OFF5456,Traffic Police,Suspended,1,No,N/A,Yellow,60,106,0.47,Positive,No,No,Not Paid,No,4,First Violation
VLT100208,Drunk Driving,540,Tamil Nadu,7/28/2023,18:00,Truck,White,2006,Karnataka,20,Female,Four-Wheeler,7,Foggy,Dry,OFF5943,Traffic Police,Suspended,5,No,N/A,Red,60,28,0.35,Negative,Yes,No,Online,Yes,0,
VLT100209,No Helmet,2718,Maharashtra,7/29/2023,16:28,Scooter,Grey,2016,Tamil Nadu,66,Male,Heavy Vehicle,9,Dust Storm,Dry,OFF9494,RTO,Valid,4,Yes,No,Red,40,99,0.1,Positive,Yes,Yes,Cash,Yes,5,Fine Paid On Spot
VLT100210,No Helmet,3313,West Bengal,7/30/2023,14:27,Car,Yellow,2005,Gujarat,63,Male,Four-Wheeler,0,Clear,Potholes,OFF6342,Highway Patrol,Expired,1,N/A,N/A,Yellow,30,115,0.06,Positive,No,No,Cash,Yes,0,First Violation
VLT100211,No Helmet,4371,Tamil Nadu,7/31/2023,1:54,Bike,Green,1998,Karnataka,58,Male,Commercial,0,Cloudy,Potholes,OFF1772,Local Police,Suspended,1,Yes,Yes,Green,50,93,0.48,Negative,Yes,No,Not Paid,No,1,
VLT100212,Signal Jumping,2433,Delhi,8/1/2023,10:39,Auto Rickshaw,Silver,2022,Karnataka,73,Male,Two-Wheeler,4,Clear,Under Construction,OFF6334,RTO,Suspended,2,No,Yes,Yellow,50,105,0.37,Positive,No,Yes,Not Paid,No,3,Repeat Offender
VLT100213,No Helmet,299,Punjab,8/2/2023,11:32,Bus,Blue,1996,Tamil Nadu,38,Male,Two-Wheeler,1,Rainy,Wet,OFF8624,Highway Patrol,Expired,5,No,No,Green,30,96,0.42,Negative,Yes,Yes,Not Paid,No,0,
VLT100214,Signal Jumping,530,Karnataka,8/3/2023,13:35,Scooter,Green,1999,Delhi,21,Other,Learner,8,Rainy,Potholes,OFF2370,Traffic Police,Valid,5,N/A,N/A,Green,50,98,0.46,Not Conducted,No,No,Cash,Yes,2,Repeat Offender
VLT100215,Wrong Parking,4640,Gujarat,8/4/2023,4:56,Auto Rickshaw,White,2004,Uttar Pradesh,32,Female,Heavy Vehicle,2,Foggy,Wet,OFF9061,RTO,Valid,3,No,Yes,Red,50,72,0.17,Not Conducted,No,No,Card,Yes,5,First Violation
VLT100216,Wrong Parking,3558,Karnataka,8/5/2023,10:07,Auto Rickshaw,Blue,2016,Tamil Nadu,34,Female,Heavy Vehicle,2,Clear,Dry,OFF4628,RTO,Suspended,2,N/A,N/A,Yellow,60,98,0.16,Negative,Yes,Yes,Online,Yes,1,Repeat Offender
VLT100217,Overloading,1618,Punjab,8/6/2023,5:50,Car,Yellow,1995,Gujarat,32,Male,Two-Wheeler,4,Clear,Under Construction,OFF9768,Traffic Police,Expired,5,N/A,N/A,Green,60,36,0.06,Positive,Yes,Yes,Cash,No,0,Repeat Offender
VLT100218,Over-speeding,1776,Delhi,8/7/2023,14:24,Bike,White,2001,Uttar Pradesh,44,Female,Commercial,7,Rainy,Potholes,OFF6519,RTO,Valid,3,Yes,N/A,Green,30,95,0.2,Positive,No,Yes,Card,Yes,4,
VLT100219,No Seatbelt,137,West Bengal,8/8/2023,23:18,Bike,Yellow,2003,Uttar Pradesh,47,Male,Heavy Vehicle,8,Foggy,Potholes,OFF5850,RTO,Expired,3,N/A,No,Yellow,60,54,0.04,Negative,No,Yes,Cash,No,3,Repeat Offender
VLT100220,Drunk Driving,2278,West Bengal,8/9/2023,4:41,Bike,Grey,2005,West Bengal,73,Male,Learner,7,Dust Storm,Slippery,OFF8057,RTO,Valid,4,Yes,N/A,Red,60,67,0.36,Positive,No,No,Not Paid,Yes,0,
VLT100221,Using Mobile Phone,574,Gujarat,8/10/2023,11:11,Bus,Grey,2006,Gujarat,42,Female,Commercial,2,Clear,Under Construction,OFF3076,Traffic Police,Expired,4,N/A,N/A,Yellow,30,51,0.5,Negative,Yes,No,Not Paid,Yes,0,Fine Paid On Spot
VLT100222,Wrong Parking,1348,Tamil Nadu,8/11/2023,19:01,Scooter,Red,2014,Gujarat,51,Female,Learner,3,Cloudy,Dry,OFF6788,Traffic Police,Suspended,2,No,N/A,Green,60,71,0.15,Not Conducted,Yes,Yes,Not Paid,No,4,
VLT100223,Wrong Parking,273,Gujarat,8/12/2023,5:27,Truck,Red,2013,Maharashtra,48,Female,Two-Wheeler,3,Cloudy,Slippery,OFF7526,Traffic Police,Suspended,2,N/A,N/A,Yellow,50,87,0.05,Negative,Yes,No,Card,No,0,Repeat Offender
VLT100224,No Seatbelt,1644,Delhi,8/13/2023,13:30,Car,Black,2014,West Bengal,45,Other,Learner,2,Clear,Slippery,OFF8118,Highway Patrol,Expired,1,No,N/A,Green,60,81,0.2,Negative,No,Yes,Online,No,5,Fine Paid On Spot
VLT100225,Driving Without License,1316,Gujarat,8/14/2023,18:14,Car,Green,2022,Delhi,65,Male,Learner,5,Dust Storm,Slippery,OFF9583,Local Police,Suspended,5,N/A,No,Yellow,100,119,0.22,Positive,No,Yes,Not Paid,Yes,1,Fine Paid On Spot
VLT100226,Overloading,2426,Gujarat,8/15/2023,11:03,Bike,Black,2006,Delhi,31,Other,Learner,1,Foggy,Under Construction,OFF7756,Local Police,Suspended,4,Yes,Yes,Green,50,104,0.33,Negative,Yes,No,Card,No,4,Fine Paid On Spot
VLT100227,Wrong Parking,3575,Delhi,8/16/2023,3:09,Truck,White,2018,Gujarat,18,Male,Four-Wheeler,3,Cloudy,Under Construction,OFF8578,Highway Patrol,Expired,3,N/A,No,Red,80,92,0.34,Positive,Yes,Yes,Card,No,5,
VLT100228,Wrong Parking,3368,West Bengal,8/17/2023,13:49,Auto Rickshaw,Red,2020,Maharashtra,40,Female,Two-Wheeler,1,Clear,Dry,OFF3362,Local Police,Expired,4,Yes,N/A,Yellow,40,32,0.01,Negative,No,No,Online,No,1,Repeat Offender
VLT100229,Using Mobile Phone,3773,Karnataka,8/18/2023,23:47,Auto Rickshaw,White,2004,Karnataka,70,Female,Two-Wheeler,1,Foggy,Slippery,OFF7783,Traffic Police,Valid,3,No,N/A,Yellow,50,53,0.38,Positive,No,Yes,Online,No,5,Fine Paid On Spot
VLT100230,Wrong Parking,157,Punjab,8/19/2023,1:05,Car,White,1997,Uttar Pradesh,32,Other,Four-Wheeler,2,Rainy,Under Construction,OFF4720,Traffic Police,Expired,1,N/A,N/A,Yellow,40,58,0.09,Positive,No,Yes,Online,No,3,
VLT100231,Driving Without License,1678,Punjab,8/20/2023,6:29,Scooter,Grey,1999,Gujarat,43,Female,Learner,7,Cloudy,Under Construction,OFF1704,Highway Patrol,Expired,4,No,N/A,Yellow,80,37,0.22,Negative,No,Yes,Card,Yes,0,
VLT100232,Using Mobile Phone,3551,Karnataka,8/21/2023,12:51,Car,Blue,2016,Karnataka,50,Other,Commercial,0,Foggy,Wet,OFF7931,Local Police,Suspended,3,Yes,No,Red,30,82,0.03,Not Conducted,No,No,Cash,No,3,Repeat Offender
VLT100233,Drunk Driving,3802,Punjab,8/22/2023,5:50,Truck,Red,2012,Punjab,75,Female,Heavy Vehicle,6,Cloudy,Dry,OFF8782,RTO,Expired,2,N/A,Yes,Red,40,116,0.37,Positive,Yes,No,Not Paid,No,0,Repeat Offender
VLT100234,Signal Jumping,4805,Gujarat,8/23/2023,19:14,Scooter,Green,2007,Uttar Pradesh,25,Female,Four-Wheeler,5,Foggy,Under Construction,OFF4003,Traffic Police,Suspended,1,No,No,Green,40,57,0.32,Negative,Yes,Yes,Online,No,2,
VLT100235,Wrong Parking,507,Punjab,8/24/2023,15:30,Truck,Silver,1997,Tamil Nadu,18,Male,Heavy Vehicle,6,Clear,Wet,OFF8948,Local Police,Suspended,5,N/A,N/A,Red,30,100,0.34,Negative,Yes,Yes,Online,Yes,1,Fine Paid On Spot
VLT100236,Over-speeding,4720,Karnataka,8/25/2023,7:48,Auto Rickshaw,Red,2020,West Bengal,47,Female,Four-Wheeler,1,Cloudy,Dry,OFF9783,Local Police,Suspended,4,Yes,N/A,Green,80,64,0.16,Not Conducted,No,Yes,Cash,No,2,
VLT100237,Over-speeding,3782,West Bengal,8/26/2023,22:44,Bike,Green,2009,Uttar Pradesh,44,Male,Heavy Vehicle,1,Dust Storm,Slippery,OFF2115,RTO,Suspended,5,N/A,N/A,Green,50,21,0.31,Negative,No,Yes,Card,Yes,4,Fine Paid On Spot
VLT100238,Signal Jumping,4885,Karnataka,8/27/2023,5:39,Car,Red,2003,Karnataka,57,Male,Two-Wheeler,8,Rainy,Potholes,OFF5269,Highway Patrol,Suspended,3,Yes,Yes,Red,40,119,0.07,Not Conducted,Yes,Yes,Card,No,3,Fine Paid On Spot
VLT100239,Overloading,2514,Delhi,8/28/2023,21:43,Scooter,Black,2003,West Bengal,43,Female,Two-Wheeler,10,Cloudy,Potholes,OFF3529,RTO,Suspended,2,Yes,N/A,Red,80,59,0.31,Not Conducted,No,No,Card,Yes,0,Repeat Offender
VLT100240,Overloading,4415,Punjab,8/29/2023,5:26,Scooter,Black,2004,Gujarat,47,Female,Learner,2,Rainy,Wet,OFF8911,Local Police,Suspended,1,N/A,Yes,Red,60,27,0.3,Positive,No,No,Cash,Yes,5,Fine Paid On Spot
VLT100241,Driving Without License,2959,Karnataka,8/30/2023,10:46,Bike,Silver,1997,Tamil Nadu,70,Male,Four-Wheeler,3,Cloudy,Dry,OFF1963,Highway Patrol,Valid,3,N/A,No,Red,50,100,0.12,Not Conducted,No,No,Cash,Yes,5,Repeat Offender
VLT100242,No Helmet,2991,Karnataka,8/31/2023,9:30,Scooter,Grey,2003,Punjab,59,Other,Learner,4,Cloudy,Wet,OFF8912,RTO,Suspended,1,Yes,N/A,Green,50,53,0.03,Positive,No,No,Online,No,0,Repeat Offender
VLT100243,Wrong Parking,3505,Delhi,9/1/2023,23:32,Scooter,Red,2006,Punjab,74,Female,Two-Wheeler,8,Dust Storm,Dry,OFF3661,Highway Patrol,Valid,3,No,Yes,Yellow,60,97,0.04,Negative,No,No,Not Paid,Yes,0,Fine Paid On Spot
VLT100244,Wrong Parking,3978,Delhi,9/2/2023,13:47,Bike,White,2007,Maharashtra,41,Female,Four-Wheeler,10,Foggy,Dry,OFF4354,Local Police,Valid,5,N/A,N/A,Red,40,99,0.2,Positive,No,No,Cash,No,2,Repeat Offender
VLT100245,Over-speeding,4959,Karnataka,9/3/2023,2:04,Truck,Red,1996,Maharashtra,46,Other,Learner,8,Cloudy,Under Construction,OFF1359,RTO,Valid,3,N/A,Yes,Yellow,50,82,0.21,Negative,No,No,Not Paid,Yes,3,Repeat Offender
VLT100246,Over-speeding,4298,Maharashtra,9/4/2023,23:14,Car,Black,2008,Karnataka,32,Male,Four-Wheeler,10,Dust Storm,Slippery,OFF2876,Traffic Police,Expired,5,N/A,Yes,Red,100,110,0.1,Not Conducted,Yes,No,Cash,No,1,First Violation
VLT100247,No Seatbelt,4453,Gujarat,9/5/2023,20:06,Car,Silver,2015,West Bengal,43,Other,Four-Wheeler,4,Clear,Dry,OFF3628,RTO,Valid,1,No,N/A,Red,80,98,0.23,Not Conducted,Yes,Yes,Cash,Yes,2,First Violation
VLT100248,Drunk Driving,1396,Karnataka,9/6/2023,15:24,Scooter,Blue,2004,Uttar Pradesh,21,Other,Learner,9,Foggy,Dry,OFF2058,RTO,Valid,1,Yes,N/A,Yellow,40,37,0.24,Positive,Yes,No,Online,No,2,
VLT100249,Overloading,4917,Gujarat,9/7/2023,6:38,Scooter,Black,2001,Tamil Nadu,27,Male,Learner,10,Rainy,Dry,OFF5831,Local Police,Valid,5,N/A,N/A,Yellow,100,85,0.46,Negative,No,No,Online,Yes,5,First Violation
VLT100250,Driving Without License,1669,Uttar Pradesh,9/8/2023,0:41,Auto Rickshaw,Grey,2011,Tamil Nadu,49,Other,Two-Wheeler,1,Clear,Wet,OFF6764,Traffic Police,Valid,1,Yes,Yes,Green,50,115,0.18,Positive,Yes,No,Cash,No,2,First Violation
VLT100251,Driving Without License,1031,Delhi,9/9/2023,17:57,Auto Rickshaw,Yellow,2004,Uttar Pradesh,41,Female,Learner,4,Foggy,Slippery,OFF2924,Traffic Police,Valid,4,No,Yes,Red,40,120,0.28,Not Conducted,Yes,No,Card,No,5,Repeat Offender
VLT100252,Wrong Parking,2768,Tamil Nadu,9/10/2023,21:49,Car,White,2012,Karnataka,45,Male,Four-Wheeler,0,Cloudy,Dry,OFF4760,RTO,Expired,4,N/A,N/A,Red,100,37,0.26,Positive,Yes,No,Card,Yes,1,Fine Paid On Spot
VLT100253,No Seatbelt,3472,West Bengal,9/11/2023,19:49,Bike,Green,1996,Uttar Pradesh,72,Other,Two-Wheeler,2,Foggy,Slippery,OFF2720,Highway Patrol,Valid,5,Yes,No,Green,50,105,0.2,Positive,No,No,Cash,No,2,First Violation
VLT100254,Wrong Parking,1578,Tamil Nadu,9/12/2023,19:02,Bus,Yellow,2004,Karnataka,67,Other,Four-Wheeler,0,Foggy,Potholes,OFF5750,Local Police,Expired,5,Yes,Yes,Green,30,117,0.06,Not Conducted,No,Yes,Online,No,3,Fine Paid On Spot
VLT100255,Drunk Driving,4641,Karnataka,9/13/2023,5:13,Scooter,Yellow,2008,Uttar Pradesh,69,Other,Commercial,10,Rainy,Slippery,OFF1533,Traffic Police,Valid,4,No,Yes,Green,30,90,0.38,Positive,Yes,Yes,Cash,No,0,Repeat Offender
VLT100256,No Helmet,3559,Tamil Nadu,9/14/2023,6:44,Car,White,2012,Gujarat,54,Female,Learner,5,Rainy,Slippery,OFF5732,Traffic Police,Expired,2,N/A,N/A,Green,30,60,0.29,Positive,No,Yes,Cash,Yes,1,Fine Paid On Spot
VLT100257,Driving Without License,3130,Uttar Pradesh,9/15/2023,19:25,Bus,Blue,2010,Punjab,67,Other,Heavy Vehicle,5,Cloudy,Dry,OFF5460,Highway Patrol,Suspended,2,No,Yes,Green,50,31,0.22,Not Conducted,Yes,Yes,Online,Yes,0,Fine Paid On Spot
VLT100258,Overloading,4409,Delhi,9/16/2023,4:09,Scooter,Grey,2021,Karnataka,70,Female,Learner,1,Dust Storm,Potholes,OFF9765,Local Police,Valid,5,No,Yes,Yellow,30,73,0.07,Negative,No,No,Not Paid,Yes,1,Repeat Offender
VLT100259,Over-speeding,1637,Punjab,9/17/2023,0:44,Bus,Grey,2007,Delhi,19,Male,Heavy Vehicle,10,Foggy,Wet,OFF1945,Traffic Police,Expired,2,N/A,No,Red,30,64,0.11,Negative,No,Yes,Online,Yes,5,Fine Paid On Spot
VLT100260,Wrong Parking,369,Uttar Pradesh,9/18/2023,19:27,Bus,Blue,2008,Gujarat,65,Female,Four-Wheeler,0,Clear,Dry,OFF9187,Highway Patrol,Valid,5,N/A,N/A,Yellow,50,100,0.09,Negative,Yes,Yes,Cash,No,1,Fine Paid On Spot
VLT100261,Using Mobile Phone,1793,West Bengal,9/19/2023,0:48,Scooter,Silver,1999,Tamil Nadu,33,Female,Learner,5,Foggy,Under Construction,OFF4805,Traffic Police,Valid,5,No,No,Green,50,120,0.02,Positive,Yes,Yes,Card,Yes,4,
VLT100262,Over-speeding,532,West Bengal,9/20/2023,13:02,Truck,Blue,2003,West Bengal,20,Other,Learner,2,Foggy,Under Construction,OFF9694,Local Police,Valid,5,N/A,N/A,Green,30,69,0.09,Not Conducted,No,Yes,Cash,No,4,
VLT100263,Over-speeding,2052,Delhi,9/21/2023,12:29,Bus,Green,2018,Karnataka,66,Other,Two-Wheeler,1,Dust Storm,Wet,OFF4047,Traffic Police,Suspended,5,No,No,Yellow,60,45,0.14,Not Conducted,No,Yes,Card,Yes,0,First Violation
VLT100264,No Helmet,2619,Karnataka,9/22/2023,15:00,Truck,Red,2008,Delhi,64,Female,Heavy Vehicle,3,Rainy,Under Construction,OFF4455,Traffic Police,Valid,5,N/A,No,Yellow,40,100,0.19,Positive,Yes,No,Card,No,1,Repeat Offender
VLT100265,Using Mobile Phone,1123,Gujarat,9/23/2023,5:51,Bus,Green,2003,Gujarat,63,Male,Two-Wheeler,4,Rainy,Potholes,OFF3478,RTO,Valid,2,No,N/A,Red,50,85,0.16,Positive,Yes,No,Not Paid,Yes,1,Fine Paid On Spot
VLT100266,Over-speeding,2605,Tamil Nadu,9/24/2023,4:25,Auto Rickshaw,White,2021,Maharashtra,58,Female,Heavy Vehicle,10,Foggy,Slippery,OFF8471,Local Police,Suspended,1,No,No,Green,30,22,0.39,Not Conducted,Yes,Yes,Card,Yes,4,First Violation
VLT100267,Wrong Parking,996,Punjab,9/25/2023,14:06,Bus,Black,2003,Gujarat,23,Male,Four-Wheeler,3,Dust Storm,Under Construction,OFF2626,Local Police,Valid,2,No,No,Yellow,80,43,0.47,Not Conducted,No,No,Card,No,5,First Violation
VLT100268,Signal Jumping,2047,Delhi,9/26/2023,20:17,Bus,Blue,2019,Delhi,43,Female,Two-Wheeler,6,Dust Storm,Potholes,OFF1482,Traffic Police,Valid,4,No,N/A,Green,30,87,0.42,Positive,No,No,Card,Yes,1,First Violation
VLT100269,Wrong Parking,2779,Delhi,9/27/2023,16:30,Truck,Yellow,2004,Karnataka,52,Male,Two-Wheeler,0,Rainy,Potholes,OFF1215,RTO,Suspended,4,N/A,N/A,Yellow,60,51,0.42,Positive,No,No,Online,No,4,
VLT100270,Driving Without License,3924,Gujarat,9/28/2023,11:36,Bike,Blue,2020,Punjab,21,Other,Learner,8,Dust Storm,Slippery,OFF7860,Traffic Police,Suspended,1,N/A,No,Yellow,30,104,0.45,Negative,Yes,No,Not Paid,Yes,2,Fine Paid On Spot
VLT100271,Wrong Parking,4327,Maharashtra,9/29/2023,15:51,Auto Rickshaw,Blue,2000,Delhi,62,Male,Learner,1,Foggy,Dry,OFF5157,Highway Patrol,Suspended,1,Yes,N/A,Red,30,84,0.47,Positive,No,No,Card,No,4,Fine Paid On Spot
VLT100272,Using Mobile Phone,794,West Bengal,9/30/2023,16:31,Scooter,White,2019,West Bengal,62,Other,Commercial,0,Cloudy,Under Construction,OFF5440,Local Police,Suspended,2,N/A,No,Yellow,100,47,0.16,Positive,No,Yes,Cash,No,1,Repeat Offender
VLT100273,Signal Jumping,2400,Punjab,10/1/2023,13:39,Scooter,Red,2013,Gujarat,24,Female,Commercial,0,Dust Storm,Slippery,OFF8487,RTO,Valid,1,N/A,N/A,Green,50,22,0.35,Positive,Yes,Yes,Online,No,2,Repeat Offender
VLT100274,Over-speeding,3867,Gujarat,10/2/2023,17:36,Auto Rickshaw,Black,2010,Delhi,48,Female,Four-Wheeler,10,Cloudy,Under Construction,OFF1015,Local Police,Expired,2,No,No,Red,80,98,0.42,Positive,No,No,Card,Yes,1,First Violation
VLT100275,Signal Jumping,2945,Tamil Nadu,10/3/2023,15:09,Auto Rickshaw,White,1995,Tamil Nadu,63,Female,Commercial,1,Rainy,Under Construction,OFF3043,Local Police,Valid,2,N/A,No,Yellow,80,62,0.32,Positive,No,Yes,Online,No,5,Fine Paid On Spot
VLT100276,Signal Jumping,3203,Gujarat,10/4/2023,5:56,Auto Rickshaw,Yellow,2004,Gujarat,41,Female,Two-Wheeler,3,Dust Storm,Wet,OFF9457,Local Police,Suspended,4,Yes,Yes,Yellow,80,28,0.04,Not Conducted,No,No,Not Paid,No,0,First Violation
VLT100277,Wrong Parking,1052,Gujarat,10/5/2023,17:56,Car,Yellow,1998,Gujarat,58,Male,Commercial,7,Dust Storm,Wet,OFF7424,Local Police,Valid,4,Yes,Yes,Yellow,80,77,0.1,Negative,Yes,Yes,Cash,No,3,Repeat Offender
VLT100278,Signal Jumping,1068,Gujarat,10/6/2023,19:28,Bike,Yellow,2016,Delhi,40,Male,Heavy Vehicle,4,Clear,Slippery,OFF3925,RTO,Expired,3,No,No,Yellow,100,37,0.42,Negative,No,Yes,Card,No,0,Repeat Offender
VLT100279,Driving Without License,2846,Karnataka,10/7/2023,11:59,Car,Green,1996,Tamil Nadu,35,Other,Four-Wheeler,5,Foggy,Under Construction,OFF4671,Local Police,Expired,3,Yes,Yes,Red,80,21,0.36,Negative,Yes,Yes,Card,Yes,3,
VLT100280,No Helmet,2118,Karnataka,10/8/2023,11:26,Car,Grey,2003,Maharashtra,34,Female,Commercial,9,Clear,Slippery,OFF1142,Highway Patrol,Expired,4,Yes,N/A,Green,40,117,0.23,Not Conducted,Yes,Yes,Card,Yes,1,
VLT100281,Overloading,4806,Delhi,10/9/2023,10:11,Bike,Blue,2013,Karnataka,60,Other,Heavy Vehicle,9,Clear,Dry,OFF3239,RTO,Suspended,1,Yes,N/A,Green,50,75,0.19,Positive,No,No,Card,Yes,5,Fine Paid On Spot
VLT100282,Driving Without License,3213,Maharashtra,10/10/2023,15:22,Bike,Yellow,2005,Delhi,58,Female,Commercial,10,Foggy,Slippery,OFF8471,RTO,Valid,3,No,N/A,Red,60,47,0.15,Not Conducted,No,Yes,Card,Yes,5,Repeat Offender
VLT100283,No Helmet,3980,Punjab,10/11/2023,7:10,Bike,Black,1997,Gujarat,40,Female,Heavy Vehicle,9,Dust Storm,Under Construction,OFF7655,Local Police,Expired,4,No,N/A,Green,30,68,0.11,Not Conducted,Yes,No,Not Paid,Yes,2,
VLT100284,Drunk Driving,4925,Uttar Pradesh,10/12/2023,12:45,Bike,Grey,2011,Delhi,28,Female,Two-Wheeler,9,Clear,Slippery,OFF1938,Traffic Police,Expired,4,No,Yes,Yellow,50,113,0.35,Not Conducted,No,No,Not Paid,Yes,2,First Violation
VLT100285,No Helmet,2008,West Bengal,10/13/2023,10:39,Auto Rickshaw,Blue,1999,Punjab,59,Other,Two-Wheeler,10,Rainy,Under Construction,OFF6354,Traffic Police,Suspended,2,N/A,N/A,Green,50,30,0.15,Negative,Yes,Yes,Cash,Yes,0,
VLT100286,Overloading,928,Maharashtra,10/14/2023,13:53,Truck,Blue,2001,West Bengal,72,Male,Four-Wheeler,10,Rainy,Under Construction,OFF8594,RTO,Expired,5,N/A,No,Red,50,39,0.48,Negative,Yes,No,Cash,No,2,Fine Paid On Spot
VLT100287,Wrong Parking,1519,Gujarat,10/15/2023,19:51,Truck,Yellow,2002,West Bengal,24,Other,Two-Wheeler,9,Cloudy,Dry,OFF9710,Highway Patrol,Valid,5,Yes,Yes,Yellow,60,42,0.27,Positive,No,No,Cash,No,2,First Violation
VLT100288,Over-speeding,2558,Uttar Pradesh,10/16/2023,14:18,Auto Rickshaw,Silver,1998,Gujarat,42,Other,Commercial,2,Clear,Dry,OFF6181,Local Police,Suspended,1,Yes,N/A,Yellow,40,116,0.09,Negative,No,Yes,Card,Yes,3,First Violation
VLT100289,Over-speeding,2085,Maharashtra,10/17/2023,13:15,Truck,Green,2010,Maharashtra,69,Female,Two-Wheeler,1,Foggy,Under Construction,OFF4294,Traffic Police,Suspended,1,Yes,No,Red,60,38,0.1,Not Conducted,Yes,No,Online,No,3,
VLT100290,Drunk Driving,3573,Punjab,10/18/2023,22:39,Bus,Black,2002,Punjab,46,Female,Two-Wheeler,8,Foggy,Wet,OFF2818,Local Police,Expired,2,N/A,N/A,Green,40,30,0.35,Not Conducted,No,Yes,Cash,No,3,Repeat Offender
VLT100291,Drunk Driving,4450,Tamil Nadu,10/19/2023,2:16,Auto Rickshaw,Blue,1995,Tamil Nadu,42,Male,Commercial,10,Dust Storm,Under Construction,OFF9274,RTO,Suspended,3,N/A,N/A,Yellow,60,59,0.46,Not Conducted,Yes,No,Card,No,2,Fine Paid On Spot
VLT100292,Wrong Parking,3969,Karnataka,10/20/2023,4:55,Auto Rickshaw,Silver,1997,West Bengal,47,Other,Four-Wheeler,7,Foggy,Potholes,OFF5878,Local Police,Suspended,2,N/A,Yes,Green,40,80,0.21,Not Conducted,Yes,No,Online,No,0,
VLT100293,Signal Jumping,3165,Punjab,10/21/2023,13:55,Bus,Red,1999,Gujarat,21,Female,Heavy Vehicle,8,Dust Storm,Slippery,OFF4381,RTO,Suspended,4,No,N/A,Red,80,88,0.17,Not Conducted,No,No,Cash,No,3,Fine Paid On Spot
VLT100294,Wrong Parking,2389,West Bengal,10/22/2023,5:08,Bike,Black,2007,Uttar Pradesh,51,Female,Two-Wheeler,1,Rainy,Under Construction,OFF5048,RTO,Expired,1,N/A,Yes,Green,30,87,0.3,Negative,Yes,No,Not Paid,Yes,3,Fine Paid On Spot
VLT100295,No Seatbelt,1238,Maharashtra,10/23/2023,20:23,Truck,White,2009,Karnataka,24,Male,Four-Wheeler,4,Rainy,Potholes,OFF9549,Local Police,Suspended,3,Yes,No,Yellow,30,95,0.29,Not Conducted,No,No,Not Paid,No,2,
VLT100296,Driving Without License,2965,West Bengal,10/24/2023,13:52,Truck,Silver,2001,Uttar Pradesh,55,Male,Commercial,1,Cloudy,Slippery,OFF3913,Local Police,Suspended,2,Yes,N/A,Yellow,50,108,0.34,Positive,No,Yes,Cash,Yes,5,Fine Paid On Spot
VLT100297,Signal Jumping,643,Gujarat,10/25/2023,14:03,Scooter,Green,2002,Karnataka,33,Other,Commercial,1,Dust Storm,Dry,OFF5238,RTO,Expired,4,N/A,No,Yellow,100,89,0.39,Not Conducted,No,Yes,Not Paid,No,0,Repeat Offender
VLT100298,No Helmet,4746,West Bengal,10/26/2023,8:54,Bike,Silver,2001,West Bengal,65,Other,Learner,4,Foggy,Dry,OFF1989,Local Police,Expired,2,Yes,Yes,Green,40,54,0.15,Negative,Yes,No,Cash,No,4,Fine Paid On Spot
VLT100299,Signal Jumping,2942,Gujarat,10/27/2023,4:38,Bus,Yellow,2000,Punjab,34,Female,Learner,3,Foggy,Wet,OFF5801,Local Police,Expired,4,No,No,Green,80,29,0.4,Not Conducted,Yes,Yes,Online,No,4,First Violation
VLT100300,Overloading,3942,Karnataka,10/28/2023,2:18,Bike,Silver,2023,Punjab,53,Male,Commercial,9,Cloudy,Potholes,OFF5015,Highway Patrol,Expired,5,No,No,Red,30,55,0.32,Positive,No,No,Card,Yes,5,
VLT100301,Signal Jumping,1874,Maharashtra,10/29/2023,16:43,Bus,Black,2012,Delhi,24,Other,Heavy Vehicle,6,Dust Storm,Potholes,OFF8971,Traffic Police,Expired,1,Yes,Yes,Green,50,29,0.42,Positive,No,Yes,Cash,No,0,First Violation
VLT100302,Driving Without License,1563,Uttar Pradesh,10/30/2023,6:11,Scooter,Red,2022,Delhi,32,Male,Commercial,9,Clear,Slippery,OFF2419,Traffic Police,Expired,4,N/A,Yes,Green,30,42,0.18,Negative,No,Yes,Online,No,0,First Violation
VLT100303,Signal Jumping,1119,Gujarat,10/31/2023,9:37,Bus,White,2000,Maharashtra,47,Female,Two-Wheeler,0,Clear,Slippery,OFF9020,Traffic Police,Valid,4,No,N/A,Red,100,75,0.11,Positive,No,Yes,Not Paid,Yes,3,First Violation
VLT100304,No Helmet,1445,West Bengal,11/1/2023,10:37,Bike,Black,1996,Tamil Nadu,56,Other,Heavy Vehicle,10,Foggy,Potholes,OFF6753,Highway Patrol,Expired,4,N/A,N/A,Yellow,60,90,0.29,Not Conducted,Yes,Yes,Card,No,1,
VLT100305,Drunk Driving,4561,Delhi,11/2/2023,18:42,Bike,Yellow,2018,Uttar Pradesh,31,Female,Learner,1,Clear,Under Construction,OFF9290,Local Police,Suspended,2,No,N/A,Red,30,52,0.42,Positive,Yes,Yes,Cash,No,3,
VLT100306,Signal Jumping,4188,Tamil Nadu,11/3/2023,17:29,Scooter,Black,2019,Uttar Pradesh,32,Male,Four-Wheeler,2,Foggy,Potholes,OFF6789,RTO,Expired,1,No,N/A,Red,60,49,0.13,Negative,No,Yes,Card,Yes,3,
VLT100307,Signal Jumping,394,Tamil Nadu,11/4/2023,0:36,Auto Rickshaw,Green,2002,Maharashtra,24,Female,Two-Wheeler,3,Cloudy,Dry,OFF4812,RTO,Valid,1,Yes,Yes,Yellow,60,65,0.16,Negative,No,Yes,Cash,No,2,Repeat Offender
VLT100308,Drunk Driving,4171,West Bengal,11/5/2023,20:08,Car,Black,2014,Maharashtra,38,Female,Four-Wheeler,7,Clear,Dry,OFF6396,Local Police,Valid,2,No,Yes,Red,100,61,0.25,Not Conducted,No,No,Cash,No,5,Repeat Offender
VLT100309,Wrong Parking,4269,Punjab,11/6/2023,19:33,Auto Rickshaw,Red,2000,West Bengal,55,Female,Learner,8,Clear,Dry,OFF6495,RTO,Valid,3,No,Yes,Green,40,57,0.42,Not Conducted,Yes,No,Cash,Yes,3,
VLT100310,No Seatbelt,4575,Delhi,11/7/2023,11:40,Car,Silver,2015,Karnataka,53,Female,Learner,2,Dust Storm,Dry,OFF2053,RTO,Valid,5,N/A,N/A,Yellow,100,109,0.18,Not Conducted,No,Yes,Card,No,1,Repeat Offender
VLT100311,Signal Jumping,4410,Uttar Pradesh,11/8/2023,7:40,Car,Yellow,2020,West Bengal,27,Male,Two-Wheeler,4,Clear,Wet,OFF5782,RTO,Expired,1,No,No,Red,80,62,0.1,Not Conducted,No,Yes,Online,Yes,5,Fine Paid On Spot
VLT100312,Drunk Driving,3141,Gujarat,11/9/2023,10:40,Auto Rickshaw,Black,2001,West Bengal,52,Female,Heavy Vehicle,4,Clear,Potholes,OFF2766,Traffic Police,Expired,2,No,No,Red,50,29,0.45,Not Conducted,Yes,No,Online,No,5,Repeat Offender
VLT100313,Wrong Parking,1642,Tamil Nadu,11/10/2023,7:34,Truck,Black,2013,Delhi,20,Other,Learner,2,Dust Storm,Under Construction,OFF7296,Traffic Police,Suspended,1,No,Yes,Red,80,83,0.04,Not Conducted,No,No,Cash,Yes,5,Fine Paid On Spot
VLT100314,Overloading,1469,Tamil Nadu,11/11/2023,18:33,Car,White,1996,Uttar Pradesh,55,Other,Heavy Vehicle,0,Rainy,Potholes,OFF2392,RTO,Suspended,2,No,N/A,Green,60,53,0.05,Negative,No,Yes,Card,Yes,4,Repeat Offender
VLT100315,Drunk Driving,3941,Tamil Nadu,11/12/2023,6:02,Auto Rickshaw,White,2005,Maharashtra,41,Other,Learner,2,Foggy,Potholes,OFF9332,RTO,Expired,4,No,N/A,Red,40,44,0.39,Positive,Yes,No,Card,Yes,4,
VLT100316,Signal Jumping,3275,Maharashtra,11/13/2023,11:18,Truck,Grey,2009,West Bengal,72,Other,Four-Wheeler,2,Dust Storm,Slippery,OFF9724,Traffic Police,Valid,4,Yes,Yes,Green,80,24,0.39,Not Conducted,No,No,Cash,No,5,First Violation
VLT100317,Signal Jumping,3132,Gujarat,11/14/2023,8:12,Bus,Green,2020,West Bengal,72,Female,Learner,10,Clear,Slippery,OFF5975,Traffic Police,Suspended,1,No,No,Green,80,114,0.04,Positive,No,No,Online,No,2,
VLT100318,Using Mobile Phone,3648,West Bengal,11/15/2023,6:54,Car,Blue,2011,Gujarat,55,Male,Commercial,0,Foggy,Potholes,OFF5742,Highway Patrol,Valid,2,No,N/A,Yellow,50,21,0.44,Not Conducted,No,No,Cash,Yes,0,First Violation
VLT100319,No Helmet,2768,Maharashtra,11/16/2023,5:45,Car,Yellow,2023,Karnataka,52,Female,Learner,2,Foggy,Wet,OFF1747,Traffic Police,Suspended,3,N/A,N/A,Red,30,81,0.03,Negative,No,Yes,Not Paid,No,2,
VLT100320,Overloading,4319,Maharashtra,11/17/2023,14:20,Bus,Grey,1996,Uttar Pradesh,24,Female,Heavy Vehicle,2,Rainy,Dry,OFF7046,Traffic Police,Valid,3,N/A,Yes,Green,30,93,0.3,Negative,Yes,No,Online,No,2,
VLT100321,Wrong Parking,399,Maharashtra,11/18/2023,23:04,Truck,Grey,1998,West Bengal,37,Female,Heavy Vehicle,6,Rainy,Wet,OFF5391,Traffic Police,Suspended,4,N/A,N/A,Yellow,100,22,0.07,Negative,Yes,No,Card,No,2,Fine Paid On Spot
VLT100322,No Helmet,139,Delhi,11/19/2023,18:29,Auto Rickshaw,Silver,2007,Delhi,73,Female,Heavy Vehicle,10,Clear,Potholes,OFF3775,RTO,Suspended,5,No,Yes,Red,50,65,0.19,Negative,No,Yes,Online,No,0,Fine Paid On Spot
VLT100323,Using Mobile Phone,2159,Uttar Pradesh,11/20/2023,16:13,Truck,Silver,2000,West Bengal,18,Male,Heavy Vehicle,1,Rainy,Potholes,OFF7533,RTO,Expired,1,No,No,Red,60,26,0.07,Negative,Yes,Yes,Card,Yes,1,Repeat Offender
VLT100324,Driving Without License,2394,Uttar Pradesh,11/21/2023,13:46,Truck,Blue,2000,Uttar Pradesh,35,Male,Learner,6,Dust Storm,Slippery,OFF5868,Highway Patrol,Valid,4,N/A,Yes,Green,100,106,0.21,Not Conducted,No,Yes,Card,Yes,0,Fine Paid On Spot
VLT100325,No Seatbelt,1702,Maharashtra,11/22/2023,8:29,Car,Yellow,2003,Uttar Pradesh,34,Male,Two-Wheeler,5,Rainy,Slippery,OFF5818,Traffic Police,Valid,5,N/A,N/A,Yellow,50,114,0.02,Positive,No,Yes,Cash,Yes,1,Repeat Offender
VLT100326,Drunk Driving,2552,Maharashtra,11/23/2023,19:15,Bike,Grey,2016,Punjab,54,Other,Two-Wheeler,6,Cloudy,Potholes,OFF6061,Traffic Police,Suspended,4,N/A,N/A,Green,30,66,0.07,Positive,Yes,No,Card,Yes,1,Fine Paid On Spot
VLT100327,No Helmet,486,Punjab,11/24/2023,22:09,Bus,Yellow,2000,Uttar Pradesh,73,Male,Two-Wheeler,6,Foggy,Wet,OFF5953,Highway Patrol,Suspended,2,No,Yes,Green,30,74,0.2,Not Conducted,Yes,Yes,Card,Yes,4,Repeat Offender
VLT100328,Signal Jumping,164,Tamil Nadu,11/25/2023,8:22,Bus,Green,2008,Tamil Nadu,66,Other,Two-Wheeler,7,Dust Storm,Potholes,OFF7056,Highway Patrol,Suspended,2,Yes,No,Yellow,80,69,0.01,Positive,Yes,No,Not Paid,Yes,0,
VLT100329,Overloading,1388,Delhi,11/26/2023,17:01,Truck,Blue,2016,Delhi,63,Female,Heavy Vehicle,6,Cloudy,Slippery,OFF3604,Highway Patrol,Valid,1,Yes,No,Green,40,84,0.27,Positive,No,Yes,Cash,Yes,4,
VLT100330,Over-speeding,4866,Karnataka,11/27/2023,23:10,Scooter,Blue,2006,Karnataka,45,Male,Two-Wheeler,1,Cloudy,Potholes,OFF4721,Traffic Police,Valid,3,No,N/A,Green,80,95,0.21,Negative,Yes,No,Online,No,4,First Violation
VLT100331,Drunk Driving,1774,Tamil Nadu,11/28/2023,8:44,Scooter,Grey,2021,Delhi,44,Female,Four-Wheeler,6,Foggy,Under Construction,OFF2875,RTO,Valid,5,No,No,Red,30,45,0.02,Not Conducted,Yes,No,Online,Yes,2,Fine Paid On Spot
VLT100332,No Seatbelt,4374,Maharashtra,11/29/2023,15:00,Scooter,Blue,1999,Uttar Pradesh,68,Other,Heavy Vehicle,0,Rainy,Dry,OFF7699,Local Police,Suspended,5,Yes,N/A,Yellow,50,63,0.31,Positive,No,No,Card,No,2,First Violation
VLT100333,No Helmet,4106,Karnataka,11/30/2023,10:27,Scooter,Green,2022,Tamil Nadu,61,Female,Learner,2,Clear,Slippery,OFF9407,Traffic Police,Expired,5,Yes,Yes,Red,100,59,0.33,Not Conducted,No,Yes,Cash,Yes,0,Fine Paid On Spot
VLT100334,Signal Jumping,1614,West Bengal,12/1/2023,0:24,Auto Rickshaw,White,2018,Punjab,67,Other,Learner,5,Clear,Under Construction,OFF5050,Highway Patrol,Suspended,3,N/A,Yes,Yellow,40,101,0.06,Not Conducted,No,Yes,Online,No,0,First Violation
VLT100335,No Seatbelt,4870,Punjab,12/2/2023,6:46,Bus,Grey,1996,Maharashtra,42,Female,Heavy Vehicle,8,Rainy,Under Construction,OFF6883,Traffic Police,Suspended,2,No,No,Red,50,100,0.21,Positive,Yes,Yes,Cash,Yes,0,Repeat Offender
VLT100336,Wrong Parking,3334,Karnataka,12/3/2023,18:08,Bike,Yellow,2021,Tamil Nadu,62,Male,Commercial,0,Cloudy,Potholes,OFF8878,Highway Patrol,Valid,4,Yes,N/A,Yellow,60,43,0.43,Positive,Yes,Yes,Cash,Yes,5,
VLT100337,No Seatbelt,4578,Punjab,12/4/2023,23:05,Car,White,2001,Gujarat,52,Male,Heavy Vehicle,6,Rainy,Wet,OFF6843,Traffic Police,Expired,1,No,No,Red,80,66,0.27,Not Conducted,Yes,No,Not Paid,Yes,3,
VLT100338,No Helmet,2232,Gujarat,12/5/2023,8:57,Bike,White,2004,Maharashtra,73,Female,Two-Wheeler,4,Foggy,Potholes,OFF6272,Highway Patrol,Suspended,3,N/A,N/A,Yellow,40,63,0.04,Not Conducted,Yes,Yes,Online,Yes,2,Fine Paid On Spot
VLT100339,Wrong Parking,781,Delhi,12/6/2023,2:05,Car,White,2023,Punjab,25,Female,Commercial,2,Dust Storm,Slippery,OFF2345,Local Police,Valid,3,Yes,No,Yellow,40,91,0.31,Negative,Yes,No,Not Paid,Yes,0,Repeat Offender
VLT100340,No Helmet,872,Delhi,12/7/2023,10:44,Bike,Green,2017,West Bengal,42,Other,Two-Wheeler,4,Dust Storm,Slippery,OFF8498,Local Police,Suspended,3,N/A,N/A,Red,40,75,0.47,Negative,No,Yes,Cash,No,3,
VLT100341,Overloading,3354,Maharashtra,12/8/2023,4:23,Bike,Red,2021,Tamil Nadu,28,Female,Two-Wheeler,9,Clear,Under Construction,OFF4217,Highway Patrol,Valid,5,No,N/A,Red,40,52,0.43,Not Conducted,Yes,Yes,Card,No,5,
VLT100342,No Seatbelt,2427,West Bengal,12/9/2023,9:58,Truck,Silver,2002,Maharashtra,22,Female,Heavy Vehicle,5,Cloudy,Under Construction,OFF2394,Highway Patrol,Valid,2,Yes,N/A,Red,80,68,0.42,Not Conducted,No,No,Not Paid,No,3,Repeat Offender
VLT100343,Overloading,4996,Tamil Nadu,12/10/2023,13:03,Truck,Red,2002,Punjab,72,Other,Four-Wheeler,0,Rainy,Slippery,OFF4409,RTO,Suspended,3,No,N/A,Red,40,21,0.17,Negative,No,No,Online,Yes,4,Fine Paid On Spot
VLT100344,Drunk Driving,710,West Bengal,12/11/2023,14:51,Truck,Blue,2009,Uttar Pradesh,60,Female,Learner,10,Foggy,Dry,OFF4510,Traffic Police,Suspended,1,Yes,N/A,Red,100,46,0.13,Not Conducted,Yes,No,Not Paid,Yes,3,
VLT100345,Drunk Driving,2168,Karnataka,12/12/2023,13:28,Auto Rickshaw,White,2002,Tamil Nadu,35,Female,Learner,4,Dust Storm,Potholes,OFF6641,Traffic Police,Expired,5,Yes,N/A,Red,40,55,0.11,Negative,No,Yes,Card,No,4,Fine Paid On Spot
VLT100346,Wrong Parking,4815,Gujarat,12/13/2023,12:56,Truck,Grey,2016,West Bengal,72,Other,Learner,0,Cloudy,Under Construction,OFF4302,Traffic Police,Expired,2,No,No,Red,40,84,0.24,Not Conducted,Yes,No,Not Paid,Yes,0,First Violation
VLT100347,Signal Jumping,2636,Uttar Pradesh,12/14/2023,16:37,Car,Red,2005,Delhi,69,Female,Heavy Vehicle,1,Rainy,Under Construction,OFF3721,Traffic Police,Suspended,1,Yes,Yes,Green,80,46,0.41,Not Conducted,No,No,Not Paid,No,4,
VLT100348,No Seatbelt,4364,Uttar Pradesh,12/15/2023,8:52,Scooter,Silver,2014,Uttar Pradesh,28,Male,Four-Wheeler,5,Rainy,Under Construction,OFF9687,Traffic Police,Suspended,2,N/A,No,Green,80,42,0.03,Positive,Yes,Yes,Not Paid,No,5,First Violation
VLT100349,Using Mobile Phone,1193,Gujarat,12/16/2023,6:39,Auto Rickshaw,Red,2017,Tamil Nadu,24,Male,Heavy Vehicle,0,Rainy,Slippery,OFF8467,Traffic Police,Valid,2,Yes,No,Red,30,115,0.38,Negative,No,No,Cash,Yes,3,Repeat Offender
VLT100350,Drunk Driving,4230,Uttar Pradesh,12/17/2023,2:10,Bike,White,2021,West Bengal,30,Male,Four-Wheeler,8,Cloudy,Slippery,OFF9144,RTO,Suspended,1,Yes,N/A,Red,50,50,0.5,Negative,No,No,Cash,Yes,1,Fine Paid On Spot
VLT100351,Driving Without License,4781,Delhi,12/18/2023,1:57,Car,White,1997,Punjab,19,Male,Four-Wheeler,9,Foggy,Dry,OFF2968,Highway Patrol,Suspended,4,No,Yes,Green,100,92,0.45,Not Conducted,No,Yes,Not Paid,No,1,Fine Paid On Spot
VLT100352,Using Mobile Phone,3951,Karnataka,12/19/2023,4:24,Bike,White,2009,Delhi,46,Other,Two-Wheeler,2,Rainy,Slippery,OFF7620,RTO,Expired,3,Yes,Yes,Red,30,76,0.34,Not Conducted,Yes,No,Cash,Yes,5,First Violation
VLT100353,Drunk Driving,3074,West Bengal,12/20/2023,12:08,Scooter,Black,2005,Gujarat,54,Female,Two-Wheeler,1,Clear,Wet,OFF3113,Highway Patrol,Expired,3,N/A,No,Red,100,78,0.06,Not Conducted,No,No,Card,Yes,4,
VLT100354,Wrong Parking,2316,Tamil Nadu,12/21/2023,0:07,Bike,Green,2002,Uttar Pradesh,32,Female,Learner,10,Rainy,Under Construction,OFF5896,Highway Patrol,Valid,5,Yes,N/A,Green,30,66,0.34,Not Conducted,Yes,No,Not Paid,No,1,Repeat Offender
VLT100355,Using Mobile Phone,2184,Delhi,12/22/2023,4:12,Car,Red,2005,Maharashtra,57,Female,Two-Wheeler,6,Cloudy,Wet,OFF9509,Local Police,Suspended,1,Yes,Yes,Green,80,110,0.33,Positive,No,No,Cash,No,2,Fine Paid On Spot
VLT100356,Drunk Driving,4848,Delhi,12/23/2023,17:10,Car,Silver,1996,West Bengal,59,Other,Four-Wheeler,0,Cloudy,Potholes,OFF3130,Highway Patrol,Valid,2,Yes,No,Green,50,66,0.35,Negative,No,No,Not Paid,Yes,5,Fine Paid On Spot
VLT100357,No Helmet,2449,Delhi,12/24/2023,4:49,Truck,White,2007,Karnataka,26,Male,Heavy Vehicle,5,Cloudy,Wet,OFF2046,Traffic Police,Suspended,4,No,Yes,Red,80,119,0.14,Negative,Yes,Yes,Cash,No,3,
VLT100358,Over-speeding,4704,Tamil Nadu,12/25/2023,15:11,Truck,Red,2016,Tamil Nadu,21,Female,Learner,0,Foggy,Slippery,OFF1541,Highway Patrol,Expired,2,Yes,N/A,Yellow,30,84,0.16,Not Conducted,No,Yes,Cash,Yes,2,Repeat Offender
VLT100359,Using Mobile Phone,4202,Tamil Nadu,12/26/2023,22:07,Bus,Green,1999,Maharashtra,26,Male,Commercial,5,Cloudy,Slippery,OFF3355,RTO,Valid,2,No,N/A,Green,100,104,0.44,Not Conducted,No,Yes,Cash,No,4,Repeat Offender
VLT100360,Using Mobile Phone,1050,Uttar Pradesh,12/27/2023,17:22,Scooter,Yellow,2021,Punjab,44,Male,Learner,2,Foggy,Under Construction,OFF1121,Local Police,Suspended,4,No,Yes,Yellow,40,46,0.25,Positive,Yes,Yes,Online,Yes,4,First Violation
VLT100361,Signal Jumping,3778,Maharashtra,12/28/2023,13:03,Car,Grey,2015,Punjab,44,Other,Learner,3,Foggy,Dry,OFF1007,Traffic Police,Suspended,4,N/A,No,Yellow,40,79,0.31,Negative,Yes,No,Online,Yes,2,Fine Paid On Spot
VLT100362,Driving Without License,2716,Maharashtra,12/29/2023,1:02,Bus,Black,1998,West Bengal,39,Other,Two-Wheeler,3,Rainy,Wet,OFF7830,RTO,Valid,4,No,N/A,Red,60,70,0.27,Negative,No,Yes,Card,No,0,First Violation
VLT100363,Over-speeding,1273,Uttar Pradesh,12/30/2023,3:24,Car,Black,2000,Karnataka,62,Male,Learner,4,Clear,Slippery,OFF3594,Local Police,Suspended,4,No,No,Red,40,96,0.46,Positive,No,Yes,Card,No,2,Fine Paid On Spot
VLT100364,Drunk Driving,1330,West Bengal,12/31/2023,4:15,Auto Rickshaw,Red,2023,Karnataka,39,Other,Heavy Vehicle,9,Clear,Potholes,OFF3270,Traffic Police,Expired,4,N/A,N/A,Yellow,40,89,0.04,Positive,Yes,Yes,Not Paid,No,3,Repeat Offender
VLT100365,Driving Without License,2433,Delhi,1/1/2024,8:23,Scooter,Red,2000,Maharashtra,20,Other,Heavy Vehicle,8,Dust Storm,Slippery,OFF8174,RTO,Suspended,5,N/A,N/A,Yellow,40,101,0.07,Not Conducted,No,Yes,Online,No,3,Repeat Offender
VLT100366,Driving Without License,1555,Maharashtra,1/2/2024,4:00,Car,Blue,2009,Punjab,29,Female,Learner,3,Clear,Under Construction,OFF7486,RTO,Suspended,5,N/A,Yes,Yellow,100,71,0.48,Negative,Yes,Yes,Not Paid,No,5,
VLT100367,Signal Jumping,1359,West Bengal,1/3/2024,22:24,Car,Silver,1999,Tamil Nadu,38,Female,Commercial,0,Cloudy,Wet,OFF3391,RTO,Valid,2,N/A,Yes,Green,100,22,0.23,Negative,No,No,Cash,Yes,5,Repeat Offender
VLT100368,Signal Jumping,3445,Tamil Nadu,1/4/2024,14:06,Bus,White,2023,Maharashtra,21,Male,Four-Wheeler,3,Rainy,Wet,OFF5317,Local Police,Expired,2,No,Yes,Red,100,39,0.42,Negative,Yes,No,Not Paid,No,0,
VLT100369,Wrong Parking,577,Maharashtra,1/5/2024,5:42,Scooter,Yellow,2014,Uttar Pradesh,42,Male,Commercial,9,Cloudy,Wet,OFF8078,Traffic Police,Suspended,3,No,No,Yellow,60,61,0.09,Negative,No,Yes,Not Paid,Yes,2,First Violation
VLT100370,Overloading,3886,Uttar Pradesh,1/6/2024,1:30,Car,Grey,2010,Punjab,48,Other,Four-Wheeler,8,Rainy,Dry,OFF3841,Traffic Police,Valid,5,No,N/A,Red,100,40,0.14,Positive,No,Yes,Card,Yes,0,Fine Paid On Spot
VLT100371,Over-speeding,1025,Punjab,1/7/2024,23:30,Car,Green,2003,Delhi,47,Male,Learner,5,Dust Storm,Slippery,OFF4951,Highway Patrol,Suspended,2,Yes,Yes,Yellow,60,118,0.49,Positive,No,Yes,Not Paid,Yes,3,First Violation
VLT100372,Overloading,849,Gujarat,1/8/2024,7:38,Car,Silver,2005,Karnataka,22,Other,Two-Wheeler,10,Foggy,Dry,OFF4575,Traffic Police,Suspended,1,Yes,Yes,Green,80,86,0.03,Positive,Yes,No,Online,Yes,5,First Violation
VLT100373,Driving Without License,4758,Delhi,1/9/2024,19:42,Bus,Green,2004,Delhi,41,Other,Heavy Vehicle,1,Clear,Slippery,OFF9195,Local Police,Valid,2,Yes,N/A,Red,60,37,0.31,Negative,No,Yes,Not Paid,No,3,Fine Paid On Spot
VLT100374,No Helmet,2628,West Bengal,1/10/2024,5:24,Bike,Silver,2010,West Bengal,35,Other,Two-Wheeler,9,Cloudy,Under Construction,OFF2002,Traffic Police,Suspended,3,N/A,No,Yellow,40,63,0.25,Negative,No,No,Not Paid,No,0,Repeat Offender
VLT100375,Using Mobile Phone,4969,West Bengal,1/11/2024,2:29,Bike,Red,2003,Gujarat,41,Other,Four-Wheeler,10,Clear,Under Construction,OFF9996,Highway Patrol,Expired,4,N/A,N/A,Red,40,23,0.19,Positive,Yes,Yes,Online,No,4,Repeat Offender
VLT100376,Driving Without License,1731,West Bengal,1/12/2024,2:34,Bus,White,2005,Maharashtra,64,Other,Commercial,7,Cloudy,Potholes,OFF7760,RTO,Valid,1,N/A,No,Red,60,110,0.09,Positive,Yes,No,Card,Yes,1,Fine Paid On Spot
VLT100377,Overloading,2243,Tamil Nadu,1/13/2024,12:48,Car,Blue,1995,Tamil Nadu,24,Female,Heavy Vehicle,1,Rainy,Dry,OFF9262,Highway Patrol,Expired,3,No,Yes,Green,100,113,0.22,Negative,No,Yes,Cash,Yes,4,
VLT100378,Wrong Parking,2099,Uttar Pradesh,1/14/2024,22:51,Scooter,Blue,2010,Delhi,32,Male,Learner,1,Foggy,Under Construction,OFF3430,Traffic Police,Suspended,5,N/A,N/A,Red,80,101,0.17,Not Conducted,No,Yes,Cash,Yes,2,
VLT100379,Driving Without License,1940,Gujarat,1/15/2024,14:19,Auto Rickshaw,Grey,2015,Punjab,65,Female,Four-Wheeler,3,Cloudy,Under Construction,OFF1343,Traffic Police,Expired,3,No,Yes,Red,60,38,0.05,Negative,Yes,No,Card,Yes,4,
VLT100380,No Helmet,3789,Maharashtra,1/16/2024,11:52,Truck,Grey,2001,Delhi,21,Male,Two-Wheeler,4,Rainy,Slippery,OFF6071,Local Police,Expired,3,Yes,N/A,Yellow,30,105,0.29,Negative,Yes,No,Not Paid,No,0,First Violation
VLT100381,Signal Jumping,1010,Uttar Pradesh,1/17/2024,18:17,Auto Rickshaw,Black,2015,Maharashtra,43,Female,Heavy Vehicle,4,Cloudy,Dry,OFF8410,RTO,Valid,3,No,Yes,Yellow,50,117,0.47,Not Conducted,No,No,Not Paid,No,4,Fine Paid On Spot
VLT100382,Over-speeding,3950,Karnataka,1/18/2024,5:16,Auto Rickshaw,Silver,2006,Gujarat,35,Other,Two-Wheeler,9,Cloudy,Slippery,OFF3651,Local Police,Suspended,1,N/A,N/A,Green,40,57,0.04,Not Conducted,No,No,Not Paid,No,3,First Violation
VLT100383,No Seatbelt,4571,Tamil Nadu,1/19/2024,22:42,Scooter,Grey,2009,Punjab,51,Other,Learner,4,Dust Storm,Potholes,OFF3371,Traffic Police,Suspended,1,Yes,No,Red,60,119,0.18,Positive,Yes,Yes,Not Paid,Yes,5,First Violation
VLT100384,Over-speeding,3976,Delhi,1/20/2024,17:02,Scooter,Yellow,2004,Delhi,38,Other,Learner,10,Rainy,Dry,OFF5333,Local Police,Valid,5,N/A,N/A,Red,40,57,0.44,Positive,Yes,No,Card,No,3,First Violation
VLT100385,Drunk Driving,4910,Tamil Nadu,1/21/2024,13:48,Bike,Green,1998,Punjab,50,Female,Commercial,1,Cloudy,Wet,OFF2811,Local Police,Valid,3,N/A,N/A,Red,80,26,0.27,Positive,No,Yes,Not Paid,Yes,2,
VLT100386,Overloading,3783,Delhi,1/22/2024,18:05,Car,Grey,2001,Maharashtra,38,Female,Heavy Vehicle,5,Foggy,Slippery,OFF2602,Traffic Police,Suspended,2,Yes,Yes,Green,40,109,0.4,Negative,Yes,No,Not Paid,Yes,3,Fine Paid On Spot
VLT100387,Wrong Parking,107,Gujarat,1/23/2024,1:57,Bus,Black,2000,Karnataka,73,Female,Commercial,5,Cloudy,Potholes,OFF5738,Traffic Police,Valid,5,Yes,Yes,Green,60,55,0.38,Negative,No,No,Cash,Yes,0,First Violation
VLT100388,Over-speeding,4260,Karnataka,1/24/2024,12:21,Scooter,Silver,2015,Gujarat,29,Male,Learner,3,Foggy,Wet,OFF8868,Highway Patrol,Valid,4,N/A,No,Red,80,96,0.25,Not Conducted,No,Yes,Online,Yes,4,Fine Paid On Spot
VLT100389,Drunk Driving,2490,West Bengal,1/25/2024,22:36,Auto Rickshaw,Blue,2021,West Bengal,72,Male,Commercial,7,Rainy,Under Construction,OFF6717,Local Police,Suspended,1,Yes,No,Yellow,40,49,0.36,Positive,No,No,Cash,Yes,4,
VLT100390,Driving Without License,289,Karnataka,1/26/2024,3:04,Car,Silver,2023,Delhi,65,Other,Commercial,0,Clear,Slippery,OFF7938,Highway Patrol,Suspended,4,No,Yes,Green,100,46,0.35,Not Conducted,No,Yes,Not Paid,No,0,First Violation
VLT100391,Wrong Parking,1624,Karnataka,1/27/2024,5:46,Truck,Black,2019,West Bengal,63,Female,Learner,8,Clear,Wet,OFF7449,Traffic Police,Valid,5,N/A,No,Green,100,85,0.05,Not Conducted,No,Yes,Online,No,5,Fine Paid On Spot
VLT100392,Using Mobile Phone,3784,Uttar Pradesh,1/28/2024,5:12,Bus,Red,2019,Tamil Nadu,22,Female,Heavy Vehicle,10,Cloudy,Wet,OFF1814,Traffic Police,Suspended,2,N/A,Yes,Green,100,70,0.04,Negative,No,No,Not Paid,Yes,2,Repeat Offender
VLT100393,Drunk Driving,578,Gujarat,1/29/2024,14:56,Car,Green,2020,West Bengal,22,Female,Two-Wheeler,6,Clear,Dry,OFF1955,Traffic Police,Suspended,3,No,N/A,Yellow,40,36,0.11,Positive,No,Yes,Online,Yes,1,Fine Paid On Spot
VLT100394,Using Mobile Phone,2801,West Bengal,1/30/2024,23:35,Bike,Black,2020,Tamil Nadu,24,Other,Two-Wheeler,2,Dust Storm,Potholes,OFF9672,RTO,Suspended,2,Yes,N/A,Red,80,40,0.29,Not Conducted,Yes,Yes,Online,No,5,
VLT100395,No Helmet,869,Karnataka,1/31/2024,1:00,Truck,Red,2005,Uttar Pradesh,42,Female,Four-Wheeler,1,Rainy,Dry,OFF6661,RTO,Suspended,4,Yes,No,Green,60,25,0.05,Positive,No,Yes,Online,Yes,3,First Violation
VLT100396,Overloading,4787,Delhi,2/1/2024,16:35,Car,Silver,2013,Uttar Pradesh,43,Other,Two-Wheeler,5,Dust Storm,Slippery,OFF6819,Highway Patrol,Valid,1,No,No,Green,50,28,0.16,Positive,No,Yes,Cash,No,5,First Violation
VLT100397,Using Mobile Phone,1841,Karnataka,2/2/2024,2:55,Scooter,Blue,2003,Gujarat,30,Female,Commercial,7,Foggy,Dry,OFF7926,RTO,Suspended,1,Yes,No,Green,60,108,0.03,Negative,Yes,Yes,Online,No,2,
VLT100398,Over-speeding,2231,Tamil Nadu,2/3/2024,12:54,Truck,Green,2022,Maharashtra,41,Female,Two-Wheeler,3,Rainy,Under Construction,OFF3226,RTO,Valid,3,N/A,N/A,Red,30,37,0.16,Negative,Yes,Yes,Card,No,2,Fine Paid On Spot
VLT100399,Over-speeding,4959,West Bengal,2/4/2024,21:36,Car,Green,1999,Maharashtra,59,Other,Two-Wheeler,2,Clear,Potholes,OFF3681,Local Police,Valid,5,Yes,No,Green,100,106,0.46,Negative,No,No,Online,No,2,Repeat Offender
VLT100400,Using Mobile Phone,3851,Maharashtra,2/5/2024,0:01,Car,White,2012,Tamil Nadu,66,Female,Four-Wheeler,1,Foggy,Wet,OFF8032,Traffic Police,Valid,5,Yes,No,Green,50,79,0.44,Negative,Yes,No,Cash,No,2,
VLT100401,Wrong Parking,1214,Gujarat,2/6/2024,23:52,Truck,Red,1999,Maharashtra,28,Female,Learner,6,Foggy,Slippery,OFF3341,Traffic Police,Suspended,1,No,Yes,Yellow,50,113,0.11,Not Conducted,No,No,Cash,No,1,Fine Paid On Spot
VLT100402,No Helmet,1315,Tamil Nadu,2/7/2024,17:48,Bike,Red,2019,Maharashtra,56,Male,Commercial,3,Dust Storm,Potholes,OFF8236,Highway Patrol,Suspended,1,Yes,N/A,Yellow,40,83,0.23,Negative,Yes,Yes,Online,No,3,Repeat Offender
VLT100403,Signal Jumping,2337,Gujarat,2/8/2024,11:28,Auto Rickshaw,Black,2010,Punjab,62,Other,Commercial,10,Clear,Potholes,OFF8821,Local Police,Expired,5,Yes,Yes,Red,100,109,0.29,Negative,Yes,Yes,Not Paid,No,1,Fine Paid On Spot
VLT100404,Signal Jumping,2273,Uttar Pradesh,2/9/2024,6:29,Bike,Silver,2020,Punjab,25,Other,Learner,4,Dust Storm,Potholes,OFF1578,Traffic Police,Suspended,2,N/A,N/A,Red,80,119,0.06,Not Conducted,No,Yes,Cash,Yes,0,Fine Paid On Spot
VLT100405,Driving Without License,4053,Tamil Nadu,2/10/2024,6:47,Scooter,Green,2004,Delhi,57,Male,Commercial,9,Dust Storm,Slippery,OFF6685,Traffic Police,Valid,1,N/A,No,Red,50,89,0.19,Not Conducted,No,No,Cash,No,1,First Violation
VLT100406,Drunk Driving,4780,Maharashtra,2/11/2024,21:43,Bike,White,2003,Gujarat,49,Male,Learner,0,Foggy,Under Construction,OFF5201,RTO,Suspended,3,No,N/A,Green,40,118,0.3,Negative,Yes,Yes,Online,No,4,Repeat Offender
VLT100407,Driving Without License,3296,Uttar Pradesh,2/12/2024,11:40,Bike,Grey,1996,Tamil Nadu,61,Female,Commercial,7,Cloudy,Dry,OFF1345,Traffic Police,Suspended,2,N/A,N/A,Yellow,30,48,0.46,Not Conducted,No,Yes,Online,No,5,
VLT100408,No Helmet,1391,Karnataka,2/13/2024,2:51,Bus,Silver,1996,Gujarat,26,Other,Two-Wheeler,3,Rainy,Potholes,OFF5297,Traffic Police,Expired,3,No,No,Yellow,50,26,0.03,Negative,No,Yes,Card,Yes,3,Fine Paid On Spot
VLT100409,Signal Jumping,3240,Karnataka,2/14/2024,8:07,Truck,White,2005,Tamil Nadu,74,Female,Two-Wheeler,10,Rainy,Wet,OFF9584,Traffic Police,Expired,5,No,Yes,Red,80,83,0.38,Not Conducted,Yes,Yes,Cash,No,1,First Violation
VLT100410,No Helmet,1016,West Bengal,2/15/2024,19:11,Bus,White,2001,Delhi,70,Male,Two-Wheeler,5,Clear,Dry,OFF3063,Traffic Police,Valid,1,No,Yes,Green,80,90,0.41,Negative,Yes,No,Not Paid,No,0,
VLT100411,Using Mobile Phone,4114,Tamil Nadu,2/16/2024,8:37,Bike,Silver,1997,Punjab,24,Male,Two-Wheeler,2,Cloudy,Slippery,OFF2299,Traffic Police,Suspended,4,Yes,No,Red,100,82,0.44,Positive,Yes,No,Not Paid,No,2,
VLT100412,Driving Without License,355,Maharashtra,2/17/2024,17:56,Auto Rickshaw,Green,1999,Punjab,60,Male,Four-Wheeler,9,Clear,Under Construction,OFF8811,Local Police,Suspended,1,No,N/A,Red,40,54,0.07,Not Conducted,No,No,Card,Yes,3,
VLT100413,No Seatbelt,1925,Delhi,2/18/2024,20:17,Truck,Grey,2011,Uttar Pradesh,18,Other,Commercial,3,Dust Storm,Dry,OFF2137,Traffic Police,Valid,1,N/A,Yes,Green,40,58,0.2,Negative,No,No,Cash,Yes,2,Fine Paid On Spot
VLT100414,Driving Without License,4311,Delhi,2/19/2024,6:57,Truck,Grey,1995,West Bengal,62,Male,Commercial,6,Clear,Slippery,OFF5622,Traffic Police,Valid,5,Yes,N/A,Red,60,43,0.16,Positive,Yes,Yes,Cash,No,1,
VLT100415,Overloading,2198,West Bengal,2/20/2024,8:05,Truck,White,2019,Maharashtra,36,Female,Learner,10,Cloudy,Slippery,OFF3644,Traffic Police,Valid,2,No,N/A,Yellow,100,32,0.12,Positive,Yes,Yes,Card,No,1,First Violation
VLT100416,Signal Jumping,1613,West Bengal,2/21/2024,14:50,Bus,Grey,2021,Karnataka,26,Male,Heavy Vehicle,3,Foggy,Potholes,OFF1852,Local Police,Valid,2,No,Yes,Red,100,53,0.29,Positive,Yes,No,Online,No,0,
VLT100417,Drunk Driving,3152,Tamil Nadu,2/22/2024,22:15,Bus,Green,2005,Delhi,45,Female,Learner,5,Rainy,Potholes,OFF1450,Highway Patrol,Valid,5,N/A,Yes,Yellow,30,102,0.31,Negative,Yes,Yes,Not Paid,Yes,0,
VLT100418,Drunk Driving,4182,Delhi,2/23/2024,17:37,Bike,Grey,2006,Uttar Pradesh,38,Male,Heavy Vehicle,3,Rainy,Wet,OFF1779,Highway Patrol,Valid,4,N/A,N/A,Green,100,118,0.16,Not Conducted,Yes,Yes,Cash,Yes,2,Fine Paid On Spot
VLT100419,Over-speeding,4697,Uttar Pradesh,2/24/2024,19:50,Truck,Black,1998,Delhi,28,Other,Heavy Vehicle,7,Rainy,Slippery,OFF2450,Highway Patrol,Valid,5,No,N/A,Yellow,30,44,0.05,Not Conducted,No,No,Card,Yes,2,Fine Paid On Spot
VLT100420,Signal Jumping,399,Karnataka,2/25/2024,1:04,Auto Rickshaw,Silver,2021,Gujarat,61,Male,Commercial,0,Dust Storm,Wet,OFF7423,Highway Patrol,Suspended,4,Yes,No,Yellow,50,42,0.11,Positive,No,Yes,Cash,No,2,Fine Paid On Spot
VLT100421,Overloading,1307,Tamil Nadu,2/26/2024,13:11,Scooter,White,2021,Karnataka,48,Female,Four-Wheeler,10,Cloudy,Slippery,OFF8266,Highway Patrol,Suspended,2,N/A,Yes,Red,40,22,0.01,Positive,Yes,No,Cash,No,0,Repeat Offender
VLT100422,No Helmet,1075,Delhi,2/27/2024,22:59,Auto Rickshaw,Red,2008,Karnataka,26,Female,Four-Wheeler,5,Dust Storm,Slippery,OFF5905,Highway Patrol,Valid,1,No,Yes,Red,100,64,0.1,Negative,No,No,Cash,Yes,3,Fine Paid On Spot
VLT100423,Using Mobile Phone,4901,Tamil Nadu,2/28/2024,10:01,Scooter,Green,2017,West Bengal,72,Other,Two-Wheeler,7,Dust Storm,Wet,OFF9703,Local Police,Expired,3,No,N/A,Yellow,30,77,0.22,Not Conducted,Yes,Yes,Cash,No,2,
VLT100424,Overloading,182,Gujarat,2/29/2024,17:34,Scooter,Red,2015,Uttar Pradesh,61,Male,Two-Wheeler,6,Dust Storm,Potholes,OFF2218,Highway Patrol,Suspended,2,No,N/A,Red,100,120,0.23,Negative,Yes,No,Not Paid,No,1,Fine Paid On Spot
VLT100425,Drunk Driving,4769,Gujarat,3/1/2024,11:08,Car,Green,2006,Uttar Pradesh,54,Male,Two-Wheeler,6,Dust Storm,Under Construction,OFF7743,Traffic Police,Valid,3,N/A,Yes,Yellow,30,79,0.28,Not Conducted,Yes,No,Online,No,3,First Violation
VLT100426,Overloading,2207,Gujarat,3/2/2024,21:17,Auto Rickshaw,Yellow,2008,Maharashtra,58,Other,Heavy Vehicle,5,Clear,Wet,OFF8943,Traffic Police,Suspended,5,Yes,Yes,Yellow,50,97,0.22,Positive,Yes,No,Card,No,4,Fine Paid On Spot
VLT100427,Wrong Parking,3426,Delhi,3/3/2024,22:15,Truck,Red,2016,Delhi,56,Female,Heavy Vehicle,6,Dust Storm,Potholes,OFF9883,RTO,Valid,2,N/A,N/A,Green,80,114,0.14,Not Conducted,No,No,Not Paid,Yes,0,Repeat Offender
VLT100428,Drunk Driving,3263,Uttar Pradesh,3/4/2024,7:50,Bus,Grey,1996,Karnataka,61,Female,Four-Wheeler,6,Rainy,Under Construction,OFF6055,Highway Patrol,Suspended,2,Yes,N/A,Green,100,56,0.06,Positive,No,Yes,Card,Yes,5,Repeat Offender
VLT100429,No Seatbelt,3173,Delhi,3/5/2024,21:11,Bike,Blue,2013,Tamil Nadu,69,Male,Heavy Vehicle,7,Clear,Under Construction,OFF1147,Traffic Police,Expired,5,No,N/A,Green,80,62,0.05,Not Conducted,Yes,Yes,Not Paid,Yes,1,First Violation
VLT100430,No Helmet,734,Karnataka,3/6/2024,6:24,Scooter,Yellow,2022,Uttar Pradesh,73,Other,Four-Wheeler,10,Dust Storm,Dry,OFF3391,Local Police,Suspended,2,No,Yes,Yellow,40,26,0.43,Negative,No,No,Online,No,3,Fine Paid On Spot
VLT100431,Signal Jumping,4071,Gujarat,3/7/2024,15:18,Auto Rickshaw,Grey,2014,Uttar Pradesh,62,Other,Heavy Vehicle,3,Foggy,Potholes,OFF7776,Local Police,Suspended,4,No,No,Green,40,98,0.02,Not Conducted,No,Yes,Not Paid,Yes,0,
VLT100432,Using Mobile Phone,4650,Maharashtra,3/8/2024,10:54,Auto Rickshaw,Green,2020,Delhi,44,Female,Heavy Vehicle,4,Clear,Potholes,OFF6600,Local Police,Valid,2,Yes,No,Green,80,114,0.35,Negative,No,No,Online,Yes,1,Fine Paid On Spot
VLT100433,Drunk Driving,2786,Karnataka,3/9/2024,6:38,Auto Rickshaw,Black,2013,West Bengal,38,Female,Commercial,5,Cloudy,Potholes,OFF7122,Highway Patrol,Valid,1,Yes,N/A,Yellow,50,102,0.44,Negative,Yes,No,Online,No,5,First Violation
VLT100434,No Seatbelt,2125,Gujarat,3/10/2024,4:31,Scooter,Silver,2012,Punjab,27,Other,Commercial,10,Clear,Dry,OFF3210,Local Police,Valid,4,Yes,N/A,Yellow,30,22,0.08,Not Conducted,No,Yes,Card,Yes,1,Fine Paid On Spot
VLT100435,Overloading,140,Punjab,3/11/2024,8:08,Truck,Green,2006,Uttar Pradesh,46,Male,Heavy Vehicle,10,Rainy,Potholes,OFF4019,RTO,Expired,2,Yes,N/A,Yellow,80,37,0.26,Not Conducted,No,No,Online,Yes,4,Repeat Offender
VLT100436,Using Mobile Phone,2083,West Bengal,3/12/2024,4:32,Scooter,Yellow,2011,Delhi,71,Other,Four-Wheeler,3,Foggy,Slippery,OFF9592,Traffic Police,Suspended,2,No,Yes,Yellow,80,32,0.31,Negative,Yes,No,Online,No,5,
VLT100437,Over-speeding,2763,West Bengal,3/13/2024,7:01,Bike,White,1998,Maharashtra,49,Other,Two-Wheeler,0,Rainy,Wet,OFF7762,RTO,Expired,2,N/A,Yes,Green,80,75,0.44,Positive,No,Yes,Not Paid,No,5,First Violation
VLT100438,Over-speeding,2409,Uttar Pradesh,3/14/2024,19:36,Auto Rickshaw,Silver,2020,Uttar Pradesh,50,Male,Heavy Vehicle,2,Foggy,Slippery,OFF3741,Local Police,Expired,2,Yes,Yes,Yellow,60,28,0.42,Negative,No,No,Online,No,5,First Violation
VLT100439,Signal Jumping,3253,Delhi,3/15/2024,14:02,Bike,Green,2002,Delhi,43,Other,Two-Wheeler,2,Cloudy,Slippery,OFF8447,RTO,Expired,4,N/A,No,Yellow,60,64,0.18,Negative,Yes,Yes,Not Paid,No,1,Fine Paid On Spot
VLT100440,Using Mobile Phone,668,Maharashtra,3/16/2024,19:38,Bike,Green,2002,Maharashtra,22,Male,Two-Wheeler,10,Rainy,Wet,OFF8105,Highway Patrol,Expired,1,No,No,Yellow,100,53,0.18,Negative,No,Yes,Online,Yes,2,Fine Paid On Spot
VLT100441,Driving Without License,3697,Uttar Pradesh,3/17/2024,1:33,Auto Rickshaw,Grey,2014,Punjab,61,Other,Learner,4,Clear,Dry,OFF2606,Traffic Police,Suspended,2,No,No,Yellow,80,109,0.11,Not Conducted,No,Yes,Card,Yes,0,First Violation
VLT100442,No Helmet,1941,Uttar Pradesh,3/18/2024,3:57,Truck,Red,2018,Gujarat,63,Male,Commercial,5,Rainy,Potholes,OFF1278,Traffic Police,Valid,1,N/A,No,Yellow,80,61,0.17,Not Conducted,Yes,No,Cash,Yes,4,First Violation
VLT100443,Driving Without License,2252,Karnataka,3/19/2024,12:21,Scooter,Yellow,2021,Maharashtra,19,Other,Four-Wheeler,5,Clear,Slippery,OFF1884,Highway Patrol,Suspended,3,No,Yes,Green,40,115,0.09,Not Conducted,Yes,Yes,Not Paid,Yes,4,
VLT100444,Driving Without License,910,Uttar Pradesh,3/20/2024,21:52,Scooter,Green,2006,Gujarat,23,Other,Heavy Vehicle,9,Dust Storm,Wet,OFF5088,RTO,Expired,4,Yes,N/A,Yellow,50,22,0.17,Negative,Yes,No,Not Paid,No,1,First Violation
VLT100445,No Helmet,2330,Karnataka,3/21/2024,7:56,Bike,Green,2014,Gujarat,52,Male,Four-Wheeler,0,Dust Storm,Slippery,OFF3854,RTO,Suspended,2,No,No,Green,40,23,0.18,Not Conducted,No,Yes,Not Paid,No,2,Repeat Offender
VLT100446,Signal Jumping,1409,Punjab,3/22/2024,8:16,Car,Silver,2007,Uttar Pradesh,59,Other,Heavy Vehicle,9,Dust Storm,Wet,OFF1179,Traffic Police,Expired,3,Yes,Yes,Green,30,67,0.29,Negative,Yes,Yes,Cash,No,4,First Violation
VLT100447,No Seatbelt,261,Uttar Pradesh,3/23/2024,18:30,Car,White,2008,Gujarat,18,Other,Learner,5,Foggy,Potholes,OFF5584,Traffic Police,Valid,2,Yes,N/A,Red,80,68,0.17,Positive,No,Yes,Online,Yes,3,Fine Paid On Spot
VLT100448,No Helmet,2116,Delhi,3/24/2024,5:51,Bike,Yellow,1996,Delhi,40,Other,Commercial,7,Dust Storm,Potholes,OFF4629,Traffic Police,Suspended,4,Yes,No,Green,50,48,0.27,Negative,Yes,Yes,Card,No,4,Repeat Offender
VLT100449,Over-speeding,1570,Punjab,3/25/2024,20:03,Scooter,Silver,2010,Uttar Pradesh,40,Other,Four-Wheeler,7,Clear,Dry,OFF8625,Highway Patrol,Suspended,5,No,Yes,Red,30,100,0.26,Positive,Yes,No,Card,No,3,First Violation
VLT100450,Driving Without License,113,Tamil Nadu,3/26/2024,16:18,Bike,Green,2019,Karnataka,49,Male,Commercial,0,Rainy,Under Construction,OFF3161,Local Police,Valid,1,Yes,Yes,Green,80,116,0.01,Positive,No,Yes,Card,No,0,
VLT100451,Driving Without License,556,Tamil Nadu,3/27/2024,19:03,Truck,Yellow,2023,West Bengal,42,Other,Commercial,6,Dust Storm,Slippery,OFF5906,Local Police,Suspended,1,Yes,No,Yellow,40,31,0.44,Positive,Yes,No,Online,No,2,First Violation
VLT100452,No Seatbelt,1063,Uttar Pradesh,3/28/2024,21:43,Auto Rickshaw,Red,2003,Punjab,61,Male,Learner,0,Clear,Potholes,OFF4913,Local Police,Valid,3,Yes,No,Green,100,80,0.36,Positive,No,Yes,Online,No,1,Repeat Offender
VLT100453,Overloading,810,Maharashtra,3/29/2024,14:40,Bus,Silver,2016,Maharashtra,50,Male,Heavy Vehicle,0,Clear,Slippery,OFF7991,Highway Patrol,Suspended,2,Yes,Yes,Red,100,78,0.39,Not Conducted,No,No,Online,Yes,2,First Violation
VLT100454,Drunk Driving,152,Gujarat,3/30/2024,11:23,Bike,Green,2003,West Bengal,54,Male,Learner,3,Cloudy,Slippery,OFF1966,RTO,Suspended,2,Yes,No,Red,40,45,0.06,Not Conducted,Yes,Yes,Online,No,1,Fine Paid On Spot
VLT100455,Signal Jumping,1275,Tamil Nadu,3/31/2024,3:42,Bike,Black,2001,Uttar Pradesh,19,Male,Heavy Vehicle,4,Clear,Dry,OFF7510,RTO,Valid,3,No,N/A,Green,60,50,0.45,Not Conducted,Yes,No,Card,No,5,Repeat Offender
VLT100456,No Helmet,4165,Uttar Pradesh,4/1/2024,0:44,Bus,Grey,2005,Maharashtra,19,Female,Learner,8,Foggy,Slippery,OFF4959,RTO,Valid,4,No,Yes,Green,60,95,0.1,Positive,No,No,Card,Yes,1,
VLT100457,No Helmet,651,Tamil Nadu,4/2/2024,15:56,Bike,Black,1997,Tamil Nadu,51,Male,Learner,0,Clear,Wet,OFF2145,Local Police,Expired,2,No,Yes,Yellow,100,90,0.07,Not Conducted,Yes,Yes,Not Paid,Yes,3,First Violation
VLT100458,Over-speeding,2871,Punjab,4/3/2024,16:39,Truck,Silver,2019,Karnataka,56,Male,Two-Wheeler,6,Foggy,Wet,OFF8910,Highway Patrol,Valid,1,N/A,N/A,Red,100,60,0.43,Not Conducted,Yes,No,Not Paid,No,2,Fine Paid On Spot
VLT100459,Overloading,263,Delhi,4/4/2024,5:52,Scooter,Silver,2019,Delhi,33,Other,Learner,3,Cloudy,Under Construction,OFF9087,Local Police,Valid,3,No,Yes,Yellow,100,84,0.03,Not Conducted,No,No,Cash,No,1,
VLT100460,No Seatbelt,3032,Delhi,4/5/2024,16:40,Bike,Yellow,2014,Karnataka,44,Female,Two-Wheeler,3,Dust Storm,Wet,OFF7344,RTO,Valid,1,N/A,Yes,Green,40,24,0.15,Positive,Yes,Yes,Card,No,2,Fine Paid On Spot
VLT100461,Driving Without License,358,Uttar Pradesh,4/6/2024,7:53,Auto Rickshaw,Silver,2014,Karnataka,73,Other,Two-Wheeler,4,Dust Storm,Slippery,OFF9253,Traffic Police,Valid,5,Yes,Yes,Green,80,52,0.02,Negative,Yes,Yes,Cash,No,2,Repeat Offender
VLT100462,Drunk Driving,3860,Maharashtra,4/7/2024,23:23,Bike,Red,2007,Punjab,61,Female,Two-Wheeler,9,Foggy,Under Construction,OFF7372,Local Police,Expired,3,Yes,No,Green,40,114,0.24,Negative,No,No,Card,No,0,Repeat Offender
VLT100463,Drunk Driving,481,Gujarat,4/8/2024,6:46,Car,White,2006,Karnataka,64,Male,Two-Wheeler,6,Cloudy,Potholes,OFF7474,Highway Patrol,Expired,5,Yes,Yes,Yellow,50,29,0.47,Not Conducted,Yes,No,Online,Yes,1,First Violation
VLT100464,Using Mobile Phone,413,West Bengal,4/9/2024,4:23,Car,White,2012,Karnataka,44,Female,Heavy Vehicle,0,Foggy,Under Construction,OFF4895,Highway Patrol,Suspended,5,Yes,Yes,Green,100,43,0.22,Not Conducted,Yes,Yes,Online,Yes,3,Fine Paid On Spot
VLT100465,Over-speeding,394,Tamil Nadu,4/10/2024,21:09,Car,Green,2000,Delhi,56,Female,Heavy Vehicle,9,Clear,Potholes,OFF8408,Traffic Police,Suspended,1,No,No,Green,30,108,0.46,Not Conducted,Yes,No,Online,No,5,Repeat Offender
VLT100466,No Helmet,4016,Punjab,4/11/2024,15:12,Truck,Blue,2017,Tamil Nadu,58,Female,Commercial,6,Cloudy,Under Construction,OFF4283,Traffic Police,Expired,2,Yes,Yes,Green,40,36,0.39,Negative,Yes,Yes,Cash,No,4,First Violation
VLT100467,Overloading,457,West Bengal,4/12/2024,16:36,Truck,Grey,2017,West Bengal,25,Female,Four-Wheeler,0,Foggy,Dry,OFF5481,RTO,Valid,3,No,N/A,Yellow,100,59,0.04,Negative,No,No,Cash,No,2,Repeat Offender
VLT100468,Drunk Driving,2669,West Bengal,4/13/2024,23:30,Bus,Yellow,2012,Maharashtra,22,Female,Two-Wheeler,0,Rainy,Potholes,OFF8826,Local Police,Suspended,5,No,No,Red,30,28,0.34,Positive,Yes,No,Cash,No,0,
VLT100469,Wrong Parking,1640,Karnataka,4/14/2024,12:18,Auto Rickshaw,Red,2022,Delhi,62,Other,Heavy Vehicle,8,Cloudy,Slippery,OFF9433,Highway Patrol,Expired,2,No,Yes,Green,80,86,0.12,Negative,Yes,No,Online,No,0,Repeat Offender
VLT100470,Drunk Driving,2478,West Bengal,4/15/2024,19:39,Car,Black,2022,Karnataka,61,Other,Heavy Vehicle,7,Dust Storm,Dry,OFF2628,Highway Patrol,Suspended,2,Yes,N/A,Red,100,97,0.08,Negative,Yes,No,Cash,Yes,5,Repeat Offender
VLT100471,Over-speeding,3304,Maharashtra,4/16/2024,19:38,Scooter,Yellow,2000,Tamil Nadu,61,Female,Four-Wheeler,1,Cloudy,Wet,OFF7214,Highway Patrol,Suspended,5,No,N/A,Yellow,100,33,0.3,Positive,Yes,No,Not Paid,Yes,3,Fine Paid On Spot
VLT100472,Over-speeding,2320,Tamil Nadu,4/17/2024,8:45,Car,Yellow,2013,Karnataka,52,Other,Commercial,2,Cloudy,Under Construction,OFF9354,Highway Patrol,Suspended,5,N/A,No,Green,80,118,0.13,Negative,Yes,Yes,Cash,Yes,5,
VLT100473,Using Mobile Phone,3536,Karnataka,4/18/2024,15:35,Bus,Yellow,2020,West Bengal,57,Male,Two-Wheeler,8,Dust Storm,Dry,OFF3751,Highway Patrol,Expired,4,Yes,No,Red,50,51,0.13,Positive,No,Yes,Cash,No,4,
VLT100474,No Helmet,1953,Karnataka,4/19/2024,8:08,Scooter,Yellow,2016,Uttar Pradesh,63,Female,Learner,4,Foggy,Under Construction,OFF8603,RTO,Expired,3,Yes,Yes,Yellow,100,40,0.13,Positive,Yes,No,Online,No,4,First Violation
VLT100475,Over-speeding,2964,Delhi,4/20/2024,9:05,Truck,Black,2002,Maharashtra,69,Male,Two-Wheeler,8,Foggy,Slippery,OFF6169,Traffic Police,Expired,4,No,N/A,Yellow,40,116,0.4,Negative,Yes,No,Cash,No,2,Repeat Offender
VLT100476,Over-speeding,335,Tamil Nadu,4/21/2024,7:40,Auto Rickshaw,Green,2006,Karnataka,39,Female,Four-Wheeler,10,Rainy,Under Construction,OFF5610,Highway Patrol,Suspended,1,Yes,No,Green,100,98,0.39,Not Conducted,Yes,Yes,Online,Yes,0,Fine Paid On Spot
VLT100477,Wrong Parking,1108,West Bengal,4/22/2024,22:03,Auto Rickshaw,Black,2013,Gujarat,60,Female,Heavy Vehicle,10,Clear,Potholes,OFF3954,Highway Patrol,Suspended,5,Yes,Yes,Red,100,76,0.49,Negative,Yes,Yes,Cash,Yes,0,Repeat Offender
VLT100478,Signal Jumping,1231,Delhi,4/23/2024,9:43,Scooter,Green,2021,Tamil Nadu,45,Female,Heavy Vehicle,4,Foggy,Wet,OFF3996,Traffic Police,Valid,1,Yes,Yes,Red,50,82,0.04,Positive,Yes,Yes,Cash,No,3,Repeat Offender
VLT100479,Signal Jumping,4446,Punjab,4/24/2024,0:19,Auto Rickshaw,Red,1999,Delhi,44,Other,Four-Wheeler,3,Cloudy,Slippery,OFF5173,Highway Patrol,Suspended,5,N/A,N/A,Green,80,62,0.22,Not Conducted,Yes,Yes,Card,Yes,5,Fine Paid On Spot
VLT100480,Using Mobile Phone,3896,Tamil Nadu,4/25/2024,22:06,Auto Rickshaw,Green,2002,Uttar Pradesh,28,Other,Heavy Vehicle,2,Foggy,Wet,OFF5466,Local Police,Suspended,1,Yes,N/A,Red,50,60,0.38,Negative,No,No,Card,No,1,
VLT100481,Using Mobile Phone,1716,West Bengal,4/26/2024,20:25,Auto Rickshaw,Green,1996,Punjab,63,Male,Learner,10,Dust Storm,Under Construction,OFF1272,RTO,Suspended,4,N/A,N/A,Red,60,65,0.42,Not Conducted,Yes,No,Cash,No,2,First Violation
VLT100482,Signal Jumping,998,Gujarat,4/27/2024,19:20,Truck,White,2007,Delhi,52,Other,Heavy Vehicle,1,Cloudy,Wet,OFF9535,RTO,Expired,1,N/A,N/A,Green,30,116,0.29,Negative,Yes,No,Cash,Yes,1,Fine Paid On Spot
VLT100483,No Helmet,1934,Tamil Nadu,4/28/2024,0:00,Car,Black,2022,Punjab,43,Other,Heavy Vehicle,1,Foggy,Slippery,OFF6997,RTO,Valid,1,No,N/A,Green,40,29,0.39,Positive,No,No,Not Paid,No,3,Fine Paid On Spot
VLT100484,Wrong Parking,1825,Delhi,4/29/2024,16:37,Bus,Black,2017,Karnataka,50,Female,Learner,2,Clear,Potholes,OFF7590,Local Police,Valid,1,No,No,Red,60,32,0.12,Positive,No,Yes,Card,Yes,4,Repeat Offender
VLT100485,Wrong Parking,1953,Maharashtra,4/30/2024,6:15,Bus,Blue,2021,Delhi,69,Female,Four-Wheeler,8,Rainy,Potholes,OFF4239,RTO,Suspended,4,N/A,Yes,Yellow,50,35,0.4,Positive,Yes,Yes,Card,Yes,2,
VLT100486,Wrong Parking,473,Punjab,5/1/2024,10:48,Bike,Red,2016,Tamil Nadu,41,Other,Four-Wheeler,3,Rainy,Potholes,OFF8398,Highway Patrol,Valid,5,N/A,N/A,Yellow,40,115,0.07,Positive,No,Yes,Not Paid,Yes,0,
VLT100487,Drunk Driving,1815,Punjab,5/2/2024,0:16,Bus,White,2002,Punjab,45,Male,Four-Wheeler,7,Clear,Under Construction,OFF9082,Highway Patrol,Valid,3,No,No,Yellow,30,22,0.44,Positive,No,Yes,Cash,Yes,5,
VLT100488,Using Mobile Phone,3734,Maharashtra,5/3/2024,18:56,Truck,Grey,2001,Punjab,24,Other,Four-Wheeler,4,Foggy,Potholes,OFF7837,Local Police,Expired,2,N/A,Yes,Red,100,22,0.35,Not Conducted,No,Yes,Online,Yes,5,First Violation
VLT100489,Drunk Driving,830,Uttar Pradesh,5/4/2024,7:23,Auto Rickshaw,White,2022,Maharashtra,61,Male,Four-Wheeler,5,Clear,Slippery,OFF2606,Traffic Police,Expired,3,Yes,N/A,Red,60,46,0.49,Negative,Yes,No,Card,Yes,4,
VLT100490,No Seatbelt,3822,West Bengal,5/5/2024,8:46,Bike,Grey,2023,Uttar Pradesh,37,Other,Commercial,8,Clear,Slippery,OFF9224,RTO,Expired,4,N/A,Yes,Red,50,39,0.39,Positive,Yes,No,Not Paid,Yes,4,
VLT100491,Wrong Parking,646,Karnataka,5/6/2024,7:09,Car,Black,2014,Punjab,32,Female,Two-Wheeler,1,Foggy,Dry,OFF6785,Local Police,Valid,4,N/A,Yes,Yellow,100,63,0.31,Negative,Yes,No,Not Paid,No,5,Repeat Offender
VLT100492,Drunk Driving,3400,Maharashtra,5/7/2024,16:02,Truck,White,2022,Uttar Pradesh,30,Female,Four-Wheeler,4,Clear,Dry,OFF3003,Traffic Police,Valid,3,No,N/A,Green,80,89,0.09,Negative,No,No,Not Paid,Yes,0,
VLT100493,Over-speeding,282,Uttar Pradesh,5/8/2024,10:45,Car,Yellow,2023,Punjab,67,Other,Four-Wheeler,0,Cloudy,Slippery,OFF9623,Highway Patrol,Suspended,5,Yes,Yes,Green,30,43,0.11,Not Conducted,No,Yes,Cash,No,4,
VLT100494,Drunk Driving,4780,Karnataka,5/9/2024,15:38,Scooter,White,2006,Delhi,21,Female,Heavy Vehicle,4,Rainy,Slippery,OFF8279,Local Police,Valid,1,Yes,N/A,Red,40,62,0.32,Positive,Yes,No,Not Paid,No,4,Fine Paid On Spot
VLT100495,Over-speeding,2491,Gujarat,5/10/2024,23:29,Bike,Yellow,2005,Tamil Nadu,55,Other,Commercial,5,Clear,Wet,OFF1919,RTO,Valid,2,No,Yes,Green,80,85,0.03,Not Conducted,No,Yes,Card,Yes,4,
VLT100496,No Helmet,2696,Gujarat,5/11/2024,5:15,Bus,Grey,1998,Punjab,21,Other,Heavy Vehicle,6,Foggy,Dry,OFF5804,RTO,Expired,4,N/A,N/A,Green,80,87,0,Positive,Yes,Yes,Online,No,2,First Violation
VLT100497,Driving Without License,2334,West Bengal,5/12/2024,8:47,Truck,Red,2004,Gujarat,38,Male,Learner,1,Clear,Dry,OFF4739,Local Police,Suspended,2,N/A,Yes,Green,100,23,0.24,Negative,No,No,Cash,No,5,
VLT100498,Drunk Driving,4657,Punjab,5/13/2024,18:06,Car,Yellow,2000,Karnataka,69,Male,Learner,9,Rainy,Under Construction,OFF2925,Local Police,Valid,5,No,N/A,Red,60,28,0.14,Negative,Yes,Yes,Card,No,5,
VLT100499,No Seatbelt,4572,Uttar Pradesh,5/14/2024,14:35,Truck,Blue,2008,Tamil Nadu,54,Male,Four-Wheeler,2,Dust Storm,Under Construction,OFF2349,Traffic Police,Expired,4,N/A,N/A,Green,50,49,0.01,Negative,No,No,Not Paid,No,2,
VLT100500,Drunk Driving,4518,Gujarat,5/15/2024,21:28,Bus,Green,2001,West Bengal,47,Female,Heavy Vehicle,5,Dust Storm,Under Construction,OFF7444,Local Police,Valid,1,N/A,Yes,Red,100,74,0.25,Not Conducted,No,No,Online,No,2,
VLT100501,No Helmet,3757,West Bengal,5/16/2024,5:29,Bike,Red,1997,Gujarat,67,Male,Heavy Vehicle,0,Dust Storm,Wet,OFF8624,Highway Patrol,Valid,5,No,No,Green,30,32,0.05,Positive,Yes,No,Not Paid,No,3,Fine Paid On Spot
VLT100502,Signal Jumping,3194,West Bengal,5/17/2024,22:27,Bike,Green,2004,Tamil Nadu,64,Other,Learner,10,Dust Storm,Under Construction,OFF5943,RTO,Expired,1,No,Yes,Yellow,50,28,0.48,Positive,No,No,Card,No,5,First Violation
VLT100503,Wrong Parking,4840,Maharashtra,5/18/2024,20:43,Car,Green,2019,Maharashtra,53,Male,Heavy Vehicle,5,Rainy,Slippery,OFF3355,Highway Patrol,Valid,5,No,No,Green,80,88,0.43,Not Conducted,No,Yes,Card,No,4,Repeat Offender
VLT100504,Drunk Driving,1547,West Bengal,5/19/2024,10:26,Auto Rickshaw,White,2002,Gujarat,29,Other,Four-Wheeler,10,Rainy,Dry,OFF9776,RTO,Suspended,4,No,Yes,Green,30,73,0.49,Positive,Yes,No,Not Paid,Yes,1,First Violation
VLT100505,No Seatbelt,2440,Karnataka,5/20/2024,15:34,Auto Rickshaw,Grey,1998,Karnataka,69,Female,Learner,4,Dust Storm,Dry,OFF4308,Highway Patrol,Suspended,5,No,Yes,Green,50,57,0.29,Positive,Yes,No,Not Paid,Yes,1,First Violation
VLT100506,Over-speeding,2988,West Bengal,5/21/2024,3:28,Auto Rickshaw,Silver,1997,Maharashtra,57,Female,Four-Wheeler,4,Rainy,Slippery,OFF9816,RTO,Expired,1,N/A,No,Green,30,112,0.07,Negative,No,No,Cash,Yes,0,Fine Paid On Spot
VLT100507,Using Mobile Phone,504,Delhi,5/22/2024,13:29,Bus,Red,2007,West Bengal,49,Female,Learner,7,Cloudy,Potholes,OFF2676,Highway Patrol,Expired,3,No,Yes,Red,60,63,0.15,Negative,Yes,No,Not Paid,Yes,4,
VLT100508,Drunk Driving,3706,Uttar Pradesh,5/23/2024,14:19,Auto Rickshaw,Silver,2010,Punjab,50,Other,Commercial,0,Clear,Potholes,OFF9171,Highway Patrol,Suspended,3,N/A,N/A,Green,100,106,0.03,Negative,Yes,Yes,Online,Yes,1,Fine Paid On Spot
VLT100509,Drunk Driving,198,Karnataka,5/24/2024,4:31,Bus,Silver,2016,Maharashtra,43,Other,Four-Wheeler,7,Dust Storm,Under Construction,OFF7488,Traffic Police,Valid,3,N/A,No,Green,30,117,0.13,Not Conducted,No,No,Online,Yes,0,First Violation
VLT100510,Over-speeding,1085,Uttar Pradesh,5/25/2024,15:12,Scooter,Silver,1999,West Bengal,41,Other,Heavy Vehicle,0,Dust Storm,Slippery,OFF3415,RTO,Expired,4,Yes,N/A,Yellow,50,94,0.29,Negative,No,No,Not Paid,Yes,0,First Violation
VLT100511,Drunk Driving,2834,Maharashtra,5/26/2024,15:52,Bus,Silver,2014,West Bengal,38,Female,Learner,7,Cloudy,Wet,OFF6286,RTO,Suspended,2,Yes,N/A,Green,60,81,0.41,Not Conducted,Yes,Yes,Card,Yes,4,
VLT100512,Signal Jumping,1859,Karnataka,5/27/2024,12:11,Bus,Green,2007,West Bengal,72,Other,Four-Wheeler,4,Clear,Potholes,OFF6174,RTO,Suspended,1,No,Yes,Green,30,24,0.36,Not Conducted,Yes,Yes,Online,Yes,1,Fine Paid On Spot
VLT100513,Using Mobile Phone,595,Punjab,5/28/2024,5:25,Bus,Red,2003,Punjab,21,Male,Learner,1,Rainy,Dry,OFF1373,Local Police,Valid,2,Yes,Yes,Green,80,78,0.3,Negative,No,Yes,Card,Yes,0,Fine Paid On Spot
VLT100514,Wrong Parking,1529,Delhi,5/29/2024,16:18,Car,Silver,2022,Karnataka,39,Female,Four-Wheeler,9,Foggy,Slippery,OFF1487,Local Police,Valid,2,Yes,Yes,Yellow,100,97,0.47,Negative,No,No,Not Paid,Yes,1,First Violation
VLT100515,No Seatbelt,4942,Punjab,5/30/2024,18:37,Bike,Green,2005,Uttar Pradesh,47,Other,Heavy Vehicle,9,Foggy,Potholes,OFF3248,Local Police,Expired,4,No,No,Red,50,72,0.13,Not Conducted,No,No,Card,No,4,Repeat Offender
VLT100516,No Helmet,4675,Karnataka,5/31/2024,7:48,Bike,Grey,2016,Delhi,64,Male,Learner,1,Dust Storm,Slippery,OFF4899,Highway Patrol,Expired,1,No,No,Red,80,47,0.29,Positive,No,Yes,Cash,No,4,Repeat Offender
VLT100517,Signal Jumping,4417,Tamil Nadu,6/1/2024,11:49,Car,Yellow,2003,Delhi,54,Female,Two-Wheeler,6,Foggy,Potholes,OFF1662,Local Police,Suspended,2,No,Yes,Yellow,50,94,0.27,Not Conducted,No,Yes,Cash,Yes,4,Repeat Offender
VLT100518,Over-speeding,1577,Uttar Pradesh,6/2/2024,22:55,Scooter,Blue,2008,Gujarat,27,Female,Commercial,6,Cloudy,Dry,OFF9049,RTO,Expired,4,Yes,Yes,Yellow,100,118,0.28,Not Conducted,Yes,No,Cash,No,0,Fine Paid On Spot
VLT100519,Signal Jumping,3629,Maharashtra,6/3/2024,0:18,Bike,White,2016,Tamil Nadu,18,Male,Two-Wheeler,7,Cloudy,Slippery,OFF2925,RTO,Expired,2,Yes,Yes,Yellow,30,97,0.43,Positive,Yes,No,Card,No,2,First Violation
VLT100520,No Helmet,3380,Maharashtra,6/4/2024,8:18,Bus,Grey,2016,Maharashtra,39,Male,Commercial,8,Foggy,Under Construction,OFF9710,Local Police,Valid,5,Yes,N/A,Red,30,75,0.32,Not Conducted,Yes,Yes,Online,Yes,1,First Violation
VLT100521,Over-speeding,3358,Punjab,6/5/2024,9:58,Scooter,White,2006,Karnataka,32,Female,Commercial,2,Dust Storm,Wet,OFF1186,RTO,Expired,1,Yes,No,Red,100,72,0.25,Positive,Yes,No,Online,No,2,
VLT100522,No Seatbelt,2558,Delhi,6/6/2024,16:54,Truck,Red,2000,Gujarat,73,Other,Two-Wheeler,7,Rainy,Slippery,OFF8283,RTO,Valid,3,No,N/A,Red,40,72,0.17,Negative,Yes,Yes,Cash,Yes,1,Repeat Offender
VLT100523,No Seatbelt,3479,Delhi,6/7/2024,10:35,Truck,Grey,1999,Uttar Pradesh,33,Other,Learner,4,Rainy,Slippery,OFF8316,Traffic Police,Expired,3,N/A,N/A,Green,60,34,0.29,Negative,No,Yes,Not Paid,Yes,5,Repeat Offender
VLT100524,Drunk Driving,564,Karnataka,6/8/2024,7:28,Bike,Yellow,2010,Gujarat,67,Female,Heavy Vehicle,3,Cloudy,Potholes,OFF2937,RTO,Expired,5,N/A,N/A,Red,80,58,0.04,Negative,Yes,No,Online,Yes,5,First Violation
VLT100525,Driving Without License,3432,Karnataka,6/9/2024,9:36,Bus,Red,2002,Karnataka,46,Male,Four-Wheeler,7,Foggy,Slippery,OFF9945,Traffic Police,Suspended,4,Yes,Yes,Yellow,60,61,0,Not Conducted,No,Yes,Cash,Yes,4,Fine Paid On Spot
VLT100526,Signal Jumping,2419,Punjab,6/10/2024,6:10,Bike,Black,2019,Karnataka,25,Male,Four-Wheeler,2,Dust Storm,Potholes,OFF6235,Traffic Police,Suspended,5,N/A,N/A,Green,80,96,0.46,Not Conducted,Yes,No,Not Paid,No,4,First Violation
VLT100527,Driving Without License,2625,Uttar Pradesh,6/11/2024,2:54,Truck,Blue,2014,Punjab,43,Female,Heavy Vehicle,6,Rainy,Dry,OFF6625,Traffic Police,Valid,1,N/A,No,Yellow,60,25,0.46,Not Conducted,No,Yes,Not Paid,No,0,
VLT100528,No Helmet,3233,Punjab,6/12/2024,0:36,Truck,Blue,2003,West Bengal,55,Male,Four-Wheeler,0,Clear,Under Construction,OFF4514,RTO,Valid,1,N/A,No,Green,60,95,0.3,Negative,No,Yes,Card,Yes,0,Fine Paid On Spot
VLT100529,No Helmet,1441,Maharashtra,6/13/2024,22:48,Bus,Blue,1998,Karnataka,28,Female,Learner,10,Rainy,Under Construction,OFF8123,Highway Patrol,Valid,2,No,No,Yellow,50,104,0.2,Not Conducted,Yes,Yes,Cash,Yes,3,Repeat Offender
VLT100530,No Seatbelt,1812,Punjab,6/14/2024,7:12,Truck,Red,2019,Tamil Nadu,55,Male,Four-Wheeler,4,Rainy,Dry,OFF5075,Local Police,Suspended,1,No,N/A,Red,30,31,0.34,Negative,No,No,Not Paid,No,0,Fine Paid On Spot
VLT100531,Drunk Driving,4183,Punjab,6/15/2024,6:56,Truck,White,2010,Uttar Pradesh,21,Male,Learner,6,Dust Storm,Dry,OFF7711,Local Police,Valid,5,No,No,Yellow,40,55,0.06,Not Conducted,No,Yes,Card,Yes,0,Repeat Offender
VLT100532,Drunk Driving,4926,Karnataka,6/16/2024,12:17,Bike,Red,2017,Gujarat,32,Female,Commercial,9,Dust Storm,Under Construction,OFF7751,Highway Patrol,Suspended,2,No,N/A,Red,40,117,0.02,Not Conducted,No,Yes,Card,No,5,Repeat Offender
VLT100533,Using Mobile Phone,2969,Punjab,6/17/2024,23:20,Scooter,Grey,2018,Uttar Pradesh,33,Female,Learner,0,Foggy,Potholes,OFF5316,Traffic Police,Expired,5,No,No,Yellow,100,111,0.07,Negative,No,No,Not Paid,Yes,3,Repeat Offender
VLT100534,Wrong Parking,2021,Delhi,6/18/2024,11:27,Scooter,Red,2011,Tamil Nadu,54,Female,Four-Wheeler,4,Clear,Slippery,OFF6923,Traffic Police,Suspended,2,N/A,Yes,Red,100,65,0.09,Not Conducted,No,No,Cash,No,3,Repeat Offender
VLT100535,Signal Jumping,220,Delhi,6/19/2024,16:23,Truck,Yellow,1997,Punjab,18,Male,Commercial,1,Cloudy,Wet,OFF6174,Traffic Police,Expired,2,N/A,N/A,Red,100,111,0.11,Positive,No,No,Online,Yes,1,First Violation
VLT100536,Overloading,3030,Uttar Pradesh,6/20/2024,13:34,Car,Red,2010,Gujarat,25,Female,Heavy Vehicle,6,Clear,Slippery,OFF3770,Traffic Police,Suspended,4,Yes,Yes,Green,30,110,0.28,Positive,No,No,Card,Yes,5,Fine Paid On Spot
VLT100537,Over-speeding,3772,Uttar Pradesh,6/21/2024,2:24,Car,Silver,2011,Uttar Pradesh,65,Female,Learner,7,Clear,Potholes,OFF9691,Highway Patrol,Expired,5,Yes,No,Red,40,117,0.4,Not Conducted,Yes,No,Cash,Yes,2,
VLT100538,Drunk Driving,501,Punjab,6/22/2024,21:24,Car,Blue,2001,Karnataka,57,Female,Four-Wheeler,2,Dust Storm,Slippery,OFF3603,RTO,Suspended,3,N/A,Yes,Yellow,80,51,0.12,Negative,Yes,No,Online,No,5,Repeat Offender
VLT100539,Wrong Parking,4122,Uttar Pradesh,6/23/2024,23:38,Bike,Red,2022,Tamil Nadu,31,Female,Commercial,9,Foggy,Potholes,OFF3898,Traffic Police,Valid,4,No,N/A,Red,80,55,0.02,Positive,No,No,Card,No,3,First Violation
VLT100540,Overloading,1411,West Bengal,6/24/2024,7:08,Bike,Red,1997,West Bengal,54,Other,Learner,10,Dust Storm,Dry,OFF9643,Highway Patrol,Suspended,2,Yes,Yes,Red,40,98,0,Not Conducted,Yes,No,Online,Yes,0,First Violation
VLT100541,Wrong Parking,790,Gujarat,6/25/2024,20:11,Auto Rickshaw,Black,1998,West Bengal,44,Female,Two-Wheeler,8,Clear,Wet,OFF2618,Traffic Police,Valid,1,No,No,Green,50,79,0.08,Not Conducted,Yes,Yes,Not Paid,Yes,4,Fine Paid On Spot
VLT100542,No Seatbelt,469,Maharashtra,6/26/2024,2:49,Truck,Red,2009,West Bengal,35,Female,Two-Wheeler,3,Clear,Wet,OFF1802,RTO,Valid,3,N/A,No,Red,100,93,0.16,Negative,No,Yes,Cash,No,4,Repeat Offender
VLT100543,Drunk Driving,4232,Uttar Pradesh,6/27/2024,11:02,Truck,Green,1995,Maharashtra,19,Male,Heavy Vehicle,1,Dust Storm,Slippery,OFF6848,Highway Patrol,Valid,5,N/A,No,Green,30,79,0.14,Negative,No,Yes,Card,No,5,Repeat Offender
VLT100544,Drunk Driving,2092,West Bengal,6/28/2024,19:46,Auto Rickshaw,Yellow,1997,Uttar Pradesh,60,Other,Commercial,6,Foggy,Dry,OFF6679,RTO,Valid,4,N/A,N/A,Green,100,93,0.22,Negative,Yes,No,Card,Yes,1,
VLT100545,No Seatbelt,2373,Delhi,6/29/2024,22:32,Car,Green,1998,Uttar Pradesh,47,Other,Commercial,0,Clear,Slippery,OFF8414,Local Police,Suspended,2,Yes,N/A,Red,40,58,0.19,Positive,No,No,Not Paid,Yes,2,
VLT100546,Using Mobile Phone,1130,Punjab,6/30/2024,9:29,Truck,Green,2023,Punjab,42,Female,Learner,2,Cloudy,Dry,OFF2823,Local Police,Valid,4,N/A,No,Yellow,40,104,0,Negative,Yes,Yes,Cash,No,3,First Violation
VLT100547,Driving Without License,2920,Tamil Nadu,7/1/2024,6:12,Bike,Blue,2014,West Bengal,59,Male,Two-Wheeler,0,Clear,Wet,OFF3783,Highway Patrol,Expired,5,N/A,No,Red,50,23,0.47,Positive,Yes,No,Online,Yes,3,First Violation
VLT100548,Overloading,1670,Tamil Nadu,7/2/2024,0:37,Car,Black,2012,Maharashtra,57,Female,Learner,7,Rainy,Dry,OFF1636,Highway Patrol,Expired,5,No,No,Green,100,116,0.1,Positive,Yes,Yes,Online,No,5,Fine Paid On Spot
VLT100549,No Helmet,451,Punjab,7/3/2024,5:55,Scooter,Green,2001,Punjab,67,Male,Four-Wheeler,8,Foggy,Wet,OFF4592,Highway Patrol,Expired,2,N/A,N/A,Red,40,65,0.16,Not Conducted,No,No,Card,Yes,5,First Violation
VLT100550,No Helmet,3789,Delhi,7/4/2024,11:34,Bike,Red,1997,Gujarat,23,Male,Two-Wheeler,4,Rainy,Wet,OFF1877,Highway Patrol,Expired,3,Yes,N/A,Red,100,108,0.39,Positive,No,No,Online,No,5,
VLT100551,Wrong Parking,2372,West Bengal,7/5/2024,11:34,Bike,Black,2014,Karnataka,50,Female,Two-Wheeler,9,Cloudy,Slippery,OFF7541,Traffic Police,Suspended,4,No,Yes,Green,60,109,0.48,Positive,Yes,No,Cash,Yes,4,Repeat Offender
VLT100552,Wrong Parking,2192,Tamil Nadu,7/6/2024,17:06,Truck,Grey,2017,Karnataka,28,Other,Heavy Vehicle,4,Foggy,Under Construction,OFF4784,Highway Patrol,Suspended,4,Yes,Yes,Red,100,113,0.23,Positive,No,No,Not Paid,No,2,First Violation
VLT100553,Signal Jumping,3125,Gujarat,7/7/2024,21:18,Bus,Grey,2021,West Bengal,60,Male,Learner,3,Clear,Slippery,OFF8582,Local Police,Valid,4,N/A,Yes,Red,60,63,0.05,Not Conducted,Yes,Yes,Not Paid,Yes,3,Fine Paid On Spot
VLT100554,Wrong Parking,3898,Uttar Pradesh,7/8/2024,19:11,Car,Silver,2011,Punjab,22,Other,Commercial,4,Cloudy,Potholes,OFF1646,Traffic Police,Expired,2,Yes,Yes,Green,80,112,0.41,Not Conducted,Yes,Yes,Cash,No,0,Fine Paid On Spot
VLT100555,Driving Without License,2871,Gujarat,7/9/2024,2:40,Auto Rickshaw,Red,2008,Tamil Nadu,22,Female,Commercial,8,Rainy,Wet,OFF4187,Highway Patrol,Suspended,5,No,N/A,Green,100,76,0.42,Positive,No,No,Cash,No,0,First Violation
VLT100556,Driving Without License,4244,West Bengal,7/10/2024,7:05,Auto Rickshaw,Black,2011,West Bengal,35,Other,Commercial,9,Foggy,Potholes,OFF1857,Local Police,Expired,2,N/A,N/A,Red,80,75,0.28,Negative,No,No,Cash,No,2,
VLT100557,Overloading,3871,Maharashtra,7/11/2024,20:51,Scooter,Yellow,1996,West Bengal,32,Female,Heavy Vehicle,1,Dust Storm,Wet,OFF7645,Highway Patrol,Suspended,5,Yes,Yes,Yellow,80,24,0,Not Conducted,Yes,No,Online,No,3,Repeat Offender
VLT100558,No Seatbelt,466,Maharashtra,7/12/2024,17:26,Bus,Green,1999,Tamil Nadu,55,Male,Learner,4,Rainy,Under Construction,OFF8259,Local Police,Suspended,2,N/A,No,Green,100,109,0.44,Not Conducted,No,No,Online,No,0,First Violation
VLT100559,Driving Without License,3427,Maharashtra,7/13/2024,2:34,Auto Rickshaw,Green,2009,Delhi,65,Male,Learner,2,Clear,Potholes,OFF2332,Highway Patrol,Suspended,4,No,No,Green,100,27,0.2,Positive,No,Yes,Not Paid,No,3,Fine Paid On Spot
VLT100560,Overloading,669,Delhi,7/14/2024,23:52,Truck,Red,2007,Maharashtra,72,Male,Commercial,9,Rainy,Slippery,OFF1694,Highway Patrol,Valid,3,N/A,Yes,Green,30,92,0.39,Negative,Yes,Yes,Not Paid,No,5,Repeat Offender
VLT100561,Driving Without License,4712,Tamil Nadu,7/15/2024,16:48,Scooter,Grey,2000,Maharashtra,64,Male,Learner,1,Cloudy,Under Construction,OFF9963,Highway Patrol,Suspended,4,Yes,N/A,Red,30,117,0.29,Negative,Yes,No,Not Paid,Yes,4,Fine Paid On Spot
VLT100562,Drunk Driving,4474,West Bengal,7/16/2024,4:31,Scooter,Blue,2012,Delhi,25,Male,Commercial,7,Rainy,Dry,OFF7073,Traffic Police,Valid,4,N/A,Yes,Yellow,100,34,0.19,Positive,No,Yes,Online,No,2,First Violation
VLT100563,Using Mobile Phone,3305,Tamil Nadu,7/17/2024,9:25,Auto Rickshaw,Green,2007,Karnataka,65,Male,Learner,6,Dust Storm,Dry,OFF8700,Traffic Police,Valid,3,Yes,No,Green,60,62,0.16,Positive,Yes,Yes,Online,No,4,Fine Paid On Spot
VLT100564,Wrong Parking,3141,Tamil Nadu,7/18/2024,0:41,Scooter,White,2021,Tamil Nadu,29,Other,Two-Wheeler,2,Dust Storm,Under Construction,OFF5304,Highway Patrol,Expired,5,No,Yes,Red,40,73,0.48,Positive,Yes,Yes,Not Paid,Yes,4,Repeat Offender
VLT100565,Drunk Driving,3005,Maharashtra,7/19/2024,18:32,Scooter,Grey,2015,Maharashtra,67,Female,Four-Wheeler,4,Dust Storm,Wet,OFF1230,Highway Patrol,Suspended,3,Yes,N/A,Green,60,89,0.22,Positive,No,Yes,Card,No,1,Fine Paid On Spot
VLT100566,No Seatbelt,3249,Maharashtra,7/20/2024,14:51,Truck,White,2000,Gujarat,54,Other,Learner,8,Dust Storm,Wet,OFF1370,Traffic Police,Expired,3,N/A,N/A,Yellow,60,58,0,Negative,Yes,No,Not Paid,Yes,4,
VLT100567,Over-speeding,3024,Karnataka,7/21/2024,23:58,Car,Yellow,1995,Delhi,42,Male,Learner,7,Cloudy,Slippery,OFF5075,Local Police,Suspended,4,N/A,Yes,Green,50,114,0.28,Not Conducted,No,No,Online,No,5,Fine Paid On Spot
VLT100568,Driving Without License,4292,Punjab,7/22/2024,19:01,Bus,Grey,2014,West Bengal,31,Female,Heavy Vehicle,6,Cloudy,Under Construction,OFF7438,Local Police,Expired,5,N/A,Yes,Red,100,48,0.3,Negative,No,Yes,Not Paid,Yes,2,
VLT100569,Using Mobile Phone,3527,West Bengal,7/23/2024,23:13,Bike,Black,2000,Delhi,58,Other,Two-Wheeler,10,Cloudy,Wet,OFF9451,RTO,Suspended,5,N/A,N/A,Yellow,80,119,0.03,Negative,No,No,Online,Yes,4,
VLT100570,Drunk Driving,3414,Tamil Nadu,7/24/2024,3:18,Car,White,2017,Uttar Pradesh,51,Other,Commercial,5,Rainy,Under Construction,OFF9120,Traffic Police,Suspended,2,No,Yes,Yellow,50,25,0.23,Positive,Yes,Yes,Cash,Yes,2,Repeat Offender
VLT100571,Drunk Driving,3546,Maharashtra,7/25/2024,6:31,Car,Red,2023,Delhi,50,Female,Commercial,5,Dust Storm,Under Construction,OFF9778,Traffic Police,Valid,1,No,No,Red,60,29,0.39,Positive,No,Yes,Cash,Yes,5,First Violation
VLT100572,No Helmet,1058,West Bengal,7/26/2024,3:38,Bus,Green,2006,Punjab,40,Male,Commercial,4,Rainy,Wet,OFF7421,Traffic Police,Suspended,3,Yes,N/A,Red,60,27,0.41,Negative,No,No,Cash,No,2,Repeat Offender
VLT100573,Signal Jumping,4753,Uttar Pradesh,7/27/2024,6:07,Truck,Green,1997,West Bengal,43,Female,Two-Wheeler,9,Rainy,Under Construction,OFF7704,Traffic Police,Valid,1,N/A,Yes,Red,100,92,0.37,Not Conducted,No,No,Card,No,2,Fine Paid On Spot
VLT100574,Wrong Parking,4664,Karnataka,7/28/2024,14:58,Auto Rickshaw,White,2019,West Bengal,61,Female,Four-Wheeler,9,Cloudy,Wet,OFF2944,RTO,Valid,4,Yes,N/A,Green,50,81,0.38,Not Conducted,No,No,Card,No,1,Fine Paid On Spot
VLT100575,Drunk Driving,4573,Maharashtra,7/29/2024,0:12,Scooter,Red,2014,Uttar Pradesh,53,Other,Four-Wheeler,1,Cloudy,Slippery,OFF9946,Highway Patrol,Expired,2,Yes,Yes,Yellow,60,119,0.26,Not Conducted,Yes,No,Cash,Yes,2,
VLT100576,Over-speeding,4874,Delhi,7/30/2024,5:15,Car,White,2022,Delhi,70,Female,Learner,1,Rainy,Potholes,OFF1193,Highway Patrol,Suspended,4,Yes,N/A,Green,30,37,0.17,Positive,Yes,No,Card,No,5,First Violation
VLT100577,Driving Without License,965,Maharashtra,7/31/2024,7:30,Scooter,Yellow,2009,Maharashtra,44,Male,Commercial,7,Foggy,Wet,OFF2180,RTO,Valid,1,N/A,No,Yellow,100,56,0.26,Positive,Yes,No,Online,Yes,2,
VLT100578,Wrong Parking,2323,Uttar Pradesh,8/1/2024,8:02,Truck,Green,2020,Delhi,38,Male,Commercial,5,Clear,Under Construction,OFF5254,Highway Patrol,Valid,2,No,Yes,Red,80,110,0.39,Not Conducted,No,Yes,Not Paid,No,1,First Violation
VLT100579,Drunk Driving,788,Maharashtra,8/2/2024,18:56,Scooter,White,2019,Punjab,29,Female,Commercial,7,Dust Storm,Under Construction,OFF4989,RTO,Suspended,3,N/A,Yes,Yellow,40,63,0.03,Positive,Yes,Yes,Not Paid,No,2,Fine Paid On Spot
VLT100580,Over-speeding,3954,Punjab,8/3/2024,0:48,Auto Rickshaw,Black,2018,Tamil Nadu,44,Other,Commercial,8,Foggy,Dry,OFF1108,RTO,Expired,2,No,Yes,Red,60,79,0.33,Not Conducted,No,No,Online,No,0,
VLT100581,Drunk Driving,4228,Tamil Nadu,8/4/2024,19:24,Truck,Yellow,1997,Gujarat,67,Female,Heavy Vehicle,7,Foggy,Dry,OFF2333,RTO,Valid,5,Yes,No,Red,60,107,0.01,Negative,Yes,No,Online,No,0,First Violation
VLT100582,Driving Without License,4471,Karnataka,8/5/2024,4:25,Auto Rickshaw,Yellow,2003,West Bengal,47,Female,Two-Wheeler,2,Dust Storm,Slippery,OFF3877,Highway Patrol,Suspended,1,No,Yes,Red,50,47,0.43,Positive,Yes,Yes,Online,No,0,First Violation
VLT100583,Drunk Driving,712,West Bengal,8/6/2024,8:19,Car,Grey,2015,Delhi,45,Other,Commercial,10,Foggy,Dry,OFF6733,RTO,Expired,3,N/A,Yes,Yellow,50,21,0.28,Positive,Yes,No,Card,No,3,First Violation
VLT100584,Overloading,2847,Tamil Nadu,8/7/2024,11:55,Car,Yellow,2015,Uttar Pradesh,68,Female,Commercial,10,Cloudy,Dry,OFF9374,Local Police,Suspended,2,No,No,Green,60,64,0.11,Positive,No,Yes,Card,Yes,1,Fine Paid On Spot
VLT100585,Overloading,1209,Maharashtra,8/8/2024,6:07,Bike,Silver,2021,West Bengal,31,Female,Two-Wheeler,4,Foggy,Slippery,OFF3979,Local Police,Suspended,3,Yes,No,Yellow,100,94,0.18,Negative,No,No,Online,No,0,First Violation
VLT100586,Signal Jumping,3593,Tamil Nadu,8/9/2024,2:04,Bike,Yellow,2021,Gujarat,50,Female,Heavy Vehicle,5,Dust Storm,Dry,OFF5567,Highway Patrol,Suspended,4,No,No,Yellow,100,39,0.19,Negative,Yes,No,Cash,No,1,Fine Paid On Spot
VLT100587,No Helmet,4610,West Bengal,8/10/2024,3:27,Auto Rickshaw,White,2023,Karnataka,48,Female,Four-Wheeler,6,Dust Storm,Wet,OFF5914,Local Police,Suspended,3,No,N/A,Red,60,70,0.34,Not Conducted,Yes,Yes,Card,No,3,First Violation
VLT100588,Over-speeding,4391,Delhi,8/11/2024,19:29,Truck,Green,2019,Punjab,22,Male,Four-Wheeler,10,Dust Storm,Dry,OFF5329,Local Police,Suspended,1,No,Yes,Red,40,106,0.43,Not Conducted,Yes,No,Online,No,5,Fine Paid On Spot
VLT100589,Overloading,4250,Gujarat,8/12/2024,6:40,Car,Red,2016,Punjab,36,Female,Heavy Vehicle,3,Cloudy,Slippery,OFF8082,Local Police,Expired,1,Yes,Yes,Red,50,44,0.08,Positive,No,No,Not Paid,Yes,4,
VLT100590,Signal Jumping,1302,Delhi,8/13/2024,1:40,Bike,Grey,1999,Punjab,70,Male,Two-Wheeler,7,Foggy,Under Construction,OFF9688,RTO,Valid,5,Yes,No,Yellow,60,55,0.24,Not Conducted,No,Yes,Card,Yes,4,
VLT100591,No Helmet,1707,West Bengal,8/14/2024,1:19,Scooter,White,2004,Punjab,54,Female,Heavy Vehicle,8,Rainy,Potholes,OFF4593,Local Police,Expired,2,Yes,N/A,Red,80,48,0.44,Positive,No,No,Card,Yes,2,First Violation
VLT100592,Wrong Parking,4173,Tamil Nadu,8/15/2024,9:36,Truck,Black,2006,Tamil Nadu,53,Female,Learner,1,Clear,Under Construction,OFF5437,Traffic Police,Suspended,4,No,Yes,Yellow,80,54,0.39,Negative,Yes,No,Online,No,0,First Violation
VLT100593,No Helmet,350,West Bengal,8/16/2024,21:22,Car,Red,2010,Karnataka,52,Male,Four-Wheeler,7,Cloudy,Potholes,OFF7540,Local Police,Suspended,1,No,Yes,Yellow,100,39,0.08,Negative,Yes,Yes,Not Paid,No,1,
VLT100594,Over-speeding,607,Uttar Pradesh,8/17/2024,12:41,Bus,Black,2020,Gujarat,52,Female,Heavy Vehicle,2,Dust Storm,Wet,OFF1382,Traffic Police,Expired,1,N/A,No,Green,60,80,0.2,Not Conducted,No,Yes,Card,Yes,3,Repeat Offender
VLT100595,Overloading,1281,West Bengal,8/18/2024,17:23,Bus,White,2004,Karnataka,40,Male,Commercial,6,Dust Storm,Under Construction,OFF8936,Traffic Police,Suspended,2,N/A,Yes,Red,50,20,0.46,Not Conducted,Yes,Yes,Online,Yes,5,Repeat Offender
VLT100596,No Seatbelt,1523,Tamil Nadu,8/19/2024,20:18,Scooter,Yellow,2023,Gujarat,22,Other,Heavy Vehicle,2,Dust Storm,Wet,OFF3135,RTO,Suspended,4,No,Yes,Red,30,98,0.15,Not Conducted,No,No,Cash,No,3,
VLT100597,No Helmet,1402,Tamil Nadu,8/20/2024,15:29,Auto Rickshaw,White,2008,Delhi,56,Male,Four-Wheeler,9,Rainy,Slippery,OFF9719,Highway Patrol,Expired,5,Yes,N/A,Red,60,51,0.4,Positive,Yes,Yes,Not Paid,No,0,Fine Paid On Spot
VLT100598,Using Mobile Phone,1926,Punjab,8/21/2024,18:29,Bus,White,2011,Punjab,34,Male,Commercial,0,Clear,Potholes,OFF1813,Traffic Police,Suspended,4,Yes,Yes,Yellow,100,114,0.34,Positive,Yes,Yes,Card,No,3,Repeat Offender
VLT100599,No Seatbelt,1793,Maharashtra,8/22/2024,10:22,Car,Red,2004,Delhi,71,Male,Two-Wheeler,5,Dust Storm,Under Construction,OFF2564,Local Police,Expired,4,Yes,No,Yellow,60,83,0.35,Not Conducted,Yes,Yes,Not Paid,Yes,5,
VLT100600,No Helmet,1941,Punjab,8/23/2024,15:44,Auto Rickshaw,Red,1998,Uttar Pradesh,40,Other,Four-Wheeler,5,Cloudy,Under Construction,OFF3653,Local Police,Expired,2,N/A,N/A,Yellow,50,73,0.09,Not Conducted,No,No,Not Paid,No,2,First Violation
VLT100601,Drunk Driving,2224,Punjab,8/24/2024,23:54,Car,Silver,2023,Tamil Nadu,27,Female,Two-Wheeler,4,Foggy,Slippery,OFF3941,Local Police,Valid,3,No,No,Yellow,80,95,0.21,Negative,Yes,Yes,Not Paid,Yes,4,Repeat Offender
VLT100602,Drunk Driving,3597,Uttar Pradesh,8/25/2024,23:18,Bike,White,1996,Delhi,56,Male,Four-Wheeler,7,Foggy,Under Construction,OFF7170,Traffic Police,Expired,5,No,No,Green,60,78,0.34,Negative,Yes,Yes,Card,No,0,First Violation
VLT100603,Using Mobile Phone,4553,Gujarat,8/26/2024,22:19,Bus,Red,2022,Maharashtra,67,Other,Commercial,1,Clear,Wet,OFF8017,Local Police,Valid,3,N/A,Yes,Red,30,69,0.06,Negative,No,No,Card,Yes,3,First Violation
VLT100604,Signal Jumping,138,Punjab,8/27/2024,4:53,Bike,White,2023,Tamil Nadu,23,Male,Four-Wheeler,7,Cloudy,Dry,OFF2407,Highway Patrol,Expired,1,No,No,Green,100,77,0.22,Not Conducted,No,No,Not Paid,Yes,5,First Violation
VLT100605,No Seatbelt,2496,Uttar Pradesh,8/28/2024,5:50,Auto Rickshaw,Red,2016,Gujarat,44,Other,Commercial,7,Clear,Slippery,OFF5481,RTO,Valid,5,Yes,No,Yellow,50,29,0.42,Negative,No,Yes,Cash,No,0,Repeat Offender
VLT100606,Drunk Driving,4894,Karnataka,8/29/2024,14:52,Car,Blue,1995,Maharashtra,59,Other,Four-Wheeler,6,Dust Storm,Dry,OFF7882,RTO,Expired,2,Yes,N/A,Green,80,59,0.43,Positive,No,No,Not Paid,No,5,Fine Paid On Spot
VLT100607,Wrong Parking,1435,Delhi,8/30/2024,6:18,Scooter,Green,2000,Karnataka,63,Other,Heavy Vehicle,4,Cloudy,Under Construction,OFF2203,Traffic Police,Suspended,5,No,Yes,Green,40,85,0.38,Positive,No,Yes,Online,No,1,First Violation
VLT100608,Wrong Parking,3365,Karnataka,8/31/2024,17:04,Auto Rickshaw,White,2015,Maharashtra,68,Female,Heavy Vehicle,4,Foggy,Wet,OFF1340,Traffic Police,Suspended,1,N/A,N/A,Green,60,100,0.03,Positive,Yes,Yes,Cash,Yes,1,Fine Paid On Spot
VLT100609,No Seatbelt,3768,West Bengal,9/1/2024,21:58,Truck,Red,2006,Maharashtra,27,Male,Four-Wheeler,0,Dust Storm,Dry,OFF1949,RTO,Valid,3,Yes,Yes,Green,80,58,0.18,Negative,Yes,Yes,Cash,No,5,Repeat Offender
VLT100610,Wrong Parking,2413,Gujarat,9/2/2024,1:52,Auto Rickshaw,Green,2008,Karnataka,75,Male,Heavy Vehicle,3,Rainy,Dry,OFF9378,Highway Patrol,Suspended,5,Yes,No,Green,50,116,0.47,Not Conducted,Yes,Yes,Not Paid,No,3,
VLT100611,Overloading,2686,Tamil Nadu,9/3/2024,0:30,Car,Yellow,2018,West Bengal,51,Other,Heavy Vehicle,10,Foggy,Potholes,OFF2590,Local Police,Expired,4,No,Yes,Red,60,70,0.14,Negative,Yes,No,Not Paid,Yes,3,First Violation
VLT100612,Driving Without License,3703,Punjab,9/4/2024,10:32,Scooter,Yellow,2014,Uttar Pradesh,73,Other,Learner,8,Foggy,Under Construction,OFF4640,Highway Patrol,Valid,3,No,Yes,Green,50,96,0.39,Not Conducted,No,Yes,Not Paid,No,2,First Violation
VLT100613,Drunk Driving,1845,Karnataka,9/5/2024,3:09,Truck,Silver,2005,Maharashtra,71,Male,Heavy Vehicle,2,Dust Storm,Under Construction,OFF5377,Local Police,Expired,3,N/A,No,Yellow,30,107,0.37,Negative,No,Yes,Cash,Yes,0,
VLT100614,No Seatbelt,4421,Gujarat,9/6/2024,16:47,Truck,Yellow,2020,Maharashtra,61,Other,Learner,10,Clear,Wet,OFF7830,Highway Patrol,Suspended,1,Yes,Yes,Yellow,50,26,0.27,Negative,Yes,No,Cash,Yes,2,Fine Paid On Spot
VLT100615,No Seatbelt,2531,Karnataka,9/7/2024,6:25,Truck,Blue,2015,Tamil Nadu,42,Male,Heavy Vehicle,8,Cloudy,Dry,OFF9128,Traffic Police,Expired,2,N/A,No,Red,80,108,0.49,Not Conducted,No,No,Card,Yes,5,First Violation
VLT100616,Drunk Driving,1970,Karnataka,9/8/2024,23:38,Auto Rickshaw,Grey,2003,Maharashtra,47,Male,Heavy Vehicle,3,Rainy,Under Construction,OFF6943,Highway Patrol,Expired,1,Yes,No,Green,80,61,0.36,Positive,Yes,Yes,Not Paid,No,2,Repeat Offender
VLT100617,Wrong Parking,3763,Delhi,9/9/2024,23:29,Bus,White,2021,Tamil Nadu,66,Male,Heavy Vehicle,3,Cloudy,Wet,OFF7127,Local Police,Valid,5,Yes,N/A,Red,60,89,0.47,Not Conducted,Yes,Yes,Cash,No,2,First Violation
VLT100618,Signal Jumping,2097,Uttar Pradesh,9/10/2024,22:01,Car,Yellow,2002,Uttar Pradesh,20,Female,Heavy Vehicle,10,Clear,Slippery,OFF9650,Traffic Police,Valid,2,No,N/A,Yellow,80,70,0.36,Negative,No,Yes,Not Paid,Yes,2,First Violation
VLT100619,Signal Jumping,2311,Gujarat,9/11/2024,23:05,Truck,White,1995,Delhi,43,Other,Learner,3,Dust Storm,Potholes,OFF4265,RTO,Suspended,2,Yes,No,Yellow,100,80,0.24,Negative,Yes,Yes,Card,Yes,4,Fine Paid On Spot
VLT100620,Drunk Driving,2677,Maharashtra,9/12/2024,10:00,Bus,Yellow,2003,West Bengal,19,Other,Four-Wheeler,1,Foggy,Under Construction,OFF1898,Local Police,Suspended,3,N/A,Yes,Green,80,47,0.41,Negative,No,No,Card,No,3,First Violation
VLT100621,Driving Without License,2636,Uttar Pradesh,9/13/2024,14:32,Bus,Blue,2022,Uttar Pradesh,40,Male,Heavy Vehicle,1,Cloudy,Under Construction,OFF7998,RTO,Valid,5,N/A,No,Green,60,22,0.48,Not Conducted,Yes,No,Online,Yes,3,
VLT100622,Driving Without License,627,Punjab,9/14/2024,22:12,Car,Black,1998,Tamil Nadu,18,Female,Learner,3,Dust Storm,Wet,OFF4040,RTO,Valid,2,No,N/A,Red,60,35,0.43,Positive,No,Yes,Card,No,5,Repeat Offender
VLT100623,No Helmet,1296,Punjab,9/15/2024,9:23,Bus,Silver,2008,Gujarat,34,Male,Two-Wheeler,2,Rainy,Slippery,OFF4139,RTO,Suspended,1,Yes,Yes,Red,80,69,0.37,Negative,Yes,No,Cash,Yes,3,Fine Paid On Spot
VLT100624,Drunk Driving,1617,Gujarat,9/16/2024,22:54,Auto Rickshaw,Silver,2020,Maharashtra,67,Female,Two-Wheeler,5,Rainy,Under Construction,OFF9951,Local Police,Suspended,4,No,No,Red,50,95,0.35,Negative,No,Yes,Cash,Yes,5,First Violation
VLT100625,Driving Without License,4252,Uttar Pradesh,9/17/2024,20:55,Bike,Green,2000,Uttar Pradesh,18,Male,Learner,0,Dust Storm,Under Construction,OFF9551,Local Police,Expired,5,N/A,Yes,Yellow,60,60,0.17,Negative,No,No,Online,No,5,First Violation
VLT100626,No Seatbelt,4652,Maharashtra,9/18/2024,11:36,Bus,Blue,2019,Uttar Pradesh,31,Other,Learner,6,Dust Storm,Potholes,OFF6474,Highway Patrol,Expired,4,N/A,Yes,Yellow,50,105,0.32,Not Conducted,No,No,Card,No,0,Repeat Offender
VLT100627,Wrong Parking,4912,Punjab,9/19/2024,22:37,Bus,Silver,1997,West Bengal,49,Other,Learner,9,Foggy,Slippery,OFF6723,Local Police,Suspended,5,Yes,Yes,Yellow,30,35,0.26,Negative,No,No,Online,No,5,
VLT100628,Driving Without License,3569,Gujarat,9/20/2024,19:43,Bus,Black,2011,West Bengal,65,Other,Heavy Vehicle,5,Dust Storm,Slippery,OFF6494,Local Police,Valid,2,N/A,N/A,Green,100,50,0.4,Negative,No,Yes,Cash,Yes,3,First Violation
VLT100629,Signal Jumping,1980,Maharashtra,9/21/2024,15:56,Scooter,Yellow,2008,Delhi,41,Other,Four-Wheeler,4,Dust Storm,Under Construction,OFF1375,RTO,Suspended,3,N/A,N/A,Yellow,100,107,0.42,Positive,Yes,No,Not Paid,No,1,Repeat Offender
VLT100630,Drunk Driving,2672,Uttar Pradesh,9/22/2024,11:11,Car,Green,2001,Delhi,21,Other,Four-Wheeler,1,Dust Storm,Potholes,OFF5886,Local Police,Suspended,5,Yes,No,Yellow,30,111,0.43,Positive,Yes,No,Cash,Yes,0,Repeat Offender
VLT100631,Driving Without License,3130,Uttar Pradesh,9/23/2024,16:31,Bike,Blue,2014,Karnataka,58,Female,Four-Wheeler,9,Cloudy,Slippery,OFF4880,RTO,Expired,4,Yes,N/A,Yellow,30,85,0.16,Not Conducted,No,Yes,Card,Yes,3,Repeat Offender
VLT100632,Drunk Driving,664,Punjab,9/24/2024,18:48,Auto Rickshaw,Silver,2017,Karnataka,30,Male,Commercial,1,Rainy,Wet,OFF2886,Local Police,Valid,5,N/A,N/A,Yellow,40,85,0.02,Not Conducted,Yes,Yes,Online,No,5,First Violation
VLT100633,Overloading,2486,Uttar Pradesh,9/25/2024,21:35,Bike,Red,1999,West Bengal,54,Male,Learner,9,Dust Storm,Wet,OFF8099,Traffic Police,Suspended,3,Yes,N/A,Yellow,40,25,0.39,Positive,No,No,Card,Yes,1,Repeat Offender
VLT100634,No Seatbelt,2540,Gujarat,9/26/2024,21:48,Bus,Silver,2016,Uttar Pradesh,44,Other,Two-Wheeler,7,Foggy,Slippery,OFF9472,Highway Patrol,Valid,4,No,Yes,Red,40,110,0.43,Positive,No,No,Cash,Yes,2,
VLT100635,Using Mobile Phone,1280,Karnataka,9/27/2024,8:03,Car,Red,2023,Maharashtra,26,Other,Heavy Vehicle,0,Clear,Wet,OFF9541,Traffic Police,Expired,4,Yes,N/A,Red,30,57,0.16,Positive,No,No,Card,No,2,
VLT100636,No Helmet,338,Karnataka,9/28/2024,6:29,Bus,Green,1998,Delhi,65,Male,Commercial,8,Clear,Slippery,OFF5861,Highway Patrol,Valid,5,N/A,No,Red,100,95,0.04,Negative,No,Yes,Card,Yes,2,Fine Paid On Spot
VLT100637,Over-speeding,2776,West Bengal,9/29/2024,17:37,Bike,Silver,2012,West Bengal,24,Male,Heavy Vehicle,3,Foggy,Under Construction,OFF2320,Highway Patrol,Expired,3,Yes,N/A,Green,60,33,0.31,Not Conducted,No,No,Cash,Yes,0,Fine Paid On Spot
VLT100638,Signal Jumping,4706,Maharashtra,9/30/2024,20:07,Scooter,White,2023,Maharashtra,18,Male,Learner,2,Clear,Dry,OFF2849,Traffic Police,Expired,4,N/A,No,Green,80,36,0.1,Negative,No,No,Online,Yes,1,
VLT100639,Wrong Parking,2324,Gujarat,10/1/2024,10:55,Bike,Red,2007,Delhi,35,Female,Learner,7,Dust Storm,Slippery,OFF7724,Highway Patrol,Expired,4,No,Yes,Green,30,83,0.31,Positive,No,Yes,Card,Yes,3,Fine Paid On Spot
VLT100640,Signal Jumping,1864,Delhi,10/2/2024,16:46,Car,Green,1998,Gujarat,37,Other,Two-Wheeler,3,Clear,Slippery,OFF2019,Highway Patrol,Suspended,3,N/A,No,Red,60,20,0.38,Negative,No,No,Cash,No,2,
VLT100641,Using Mobile Phone,1950,Delhi,10/3/2024,9:10,Auto Rickshaw,Red,2003,Maharashtra,28,Female,Commercial,10,Clear,Under Construction,OFF6981,Local Police,Expired,2,Yes,N/A,Yellow,50,87,0.45,Not Conducted,Yes,Yes,Cash,No,1,Fine Paid On Spot
VLT100642,Overloading,4400,Punjab,10/4/2024,22:40,Bike,Black,2013,Delhi,39,Other,Learner,8,Rainy,Wet,OFF8486,Traffic Police,Suspended,2,No,N/A,Yellow,40,47,0.11,Positive,Yes,No,Cash,No,3,
VLT100643,Using Mobile Phone,2474,Tamil Nadu,10/5/2024,14:37,Car,Blue,2007,Gujarat,44,Other,Learner,9,Cloudy,Under Construction,OFF7999,Highway Patrol,Expired,4,N/A,N/A,Green,60,110,0.28,Negative,Yes,No,Not Paid,No,4,
VLT100644,Over-speeding,1004,Karnataka,10/6/2024,9:50,Bus,Black,2008,Delhi,72,Female,Two-Wheeler,9,Rainy,Under Construction,OFF5544,Local Police,Suspended,2,Yes,N/A,Red,80,57,0.43,Not Conducted,Yes,Yes,Not Paid,No,3,Fine Paid On Spot
VLT100645,Overloading,3337,Delhi,10/7/2024,10:05,Bus,Green,2001,Uttar Pradesh,19,Female,Four-Wheeler,6,Clear,Potholes,OFF5838,Highway Patrol,Valid,1,No,N/A,Yellow,80,47,0.43,Not Conducted,Yes,Yes,Cash,Yes,5,
VLT100646,Driving Without License,4970,Uttar Pradesh,10/8/2024,14:57,Scooter,Silver,2003,Karnataka,44,Male,Four-Wheeler,8,Cloudy,Potholes,OFF9528,RTO,Suspended,5,N/A,N/A,Green,60,55,0.03,Negative,No,Yes,Card,No,1,Fine Paid On Spot
VLT100647,Over-speeding,2120,West Bengal,10/9/2024,8:18,Truck,Red,2000,Punjab,41,Other,Learner,2,Rainy,Slippery,OFF9139,Traffic Police,Valid,4,Yes,No,Red,50,85,0.46,Negative,Yes,Yes,Cash,Yes,5,Fine Paid On Spot
VLT100648,No Seatbelt,4163,Uttar Pradesh,10/10/2024,0:32,Bus,White,2019,West Bengal,28,Male,Heavy Vehicle,0,Rainy,Wet,OFF3465,Traffic Police,Suspended,2,No,N/A,Yellow,60,23,0.5,Not Conducted,Yes,No,Online,Yes,1,Fine Paid On Spot
VLT100649,Overloading,1732,Tamil Nadu,10/11/2024,19:37,Car,Black,1996,Maharashtra,30,Other,Learner,4,Dust Storm,Potholes,OFF8640,Traffic Police,Expired,2,Yes,No,Green,80,70,0.2,Not Conducted,Yes,No,Online,No,0,First Violation
VLT100650,Over-speeding,1867,Karnataka,10/12/2024,19:14,Truck,Silver,2019,Karnataka,59,Other,Learner,7,Clear,Under Construction,OFF5984,Highway Patrol,Valid,1,Yes,Yes,Yellow,60,21,0.45,Not Conducted,No,Yes,Card,Yes,1,First Violation
VLT100651,No Helmet,1406,Tamil Nadu,10/13/2024,5:24,Auto Rickshaw,Yellow,2019,Karnataka,60,Male,Four-Wheeler,10,Cloudy,Under Construction,OFF7658,RTO,Expired,3,No,Yes,Green,30,91,0.31,Not Conducted,No,Yes,Online,No,4,
VLT100652,Overloading,3101,Delhi,10/14/2024,22:15,Scooter,Red,2018,Tamil Nadu,25,Male,Two-Wheeler,10,Rainy,Potholes,OFF4376,Highway Patrol,Expired,3,No,N/A,Yellow,30,37,0.41,Positive,No,No,Online,Yes,1,Fine Paid On Spot
VLT100653,Using Mobile Phone,1154,Punjab,10/15/2024,8:06,Bike,Green,2016,Tamil Nadu,52,Female,Heavy Vehicle,3,Cloudy,Dry,OFF8351,RTO,Valid,5,No,N/A,Green,60,113,0.03,Not Conducted,No,No,Cash,No,4,Repeat Offender
VLT100654,Wrong Parking,1023,Karnataka,10/16/2024,10:21,Scooter,Grey,2017,Punjab,26,Other,Four-Wheeler,2,Foggy,Potholes,OFF8857,Highway Patrol,Expired,1,N/A,No,Yellow,40,53,0.03,Not Conducted,No,Yes,Not Paid,No,5,Repeat Offender
VLT100655,No Seatbelt,3782,Uttar Pradesh,10/17/2024,20:19,Scooter,Silver,2007,Delhi,58,Other,Four-Wheeler,7,Dust Storm,Under Construction,OFF2093,Highway Patrol,Suspended,3,Yes,Yes,Yellow,40,101,0.07,Not Conducted,Yes,Yes,Cash,No,4,Repeat Offender
VLT100656,Overloading,3338,Gujarat,10/18/2024,18:20,Bike,Blue,2002,Tamil Nadu,32,Other,Commercial,5,Dust Storm,Under Construction,OFF5283,Local Police,Valid,2,N/A,No,Green,40,88,0.26,Negative,Yes,Yes,Online,No,1,
VLT100657,Driving Without License,4987,West Bengal,10/19/2024,13:16,Car,Yellow,2019,West Bengal,75,Female,Heavy Vehicle,2,Cloudy,Potholes,OFF5135,Highway Patrol,Valid,3,No,No,Red,100,57,0.27,Positive,Yes,Yes,Not Paid,No,3,Repeat Offender
VLT100658,Signal Jumping,1228,Delhi,10/20/2024,2:12,Truck,Blue,1996,Uttar Pradesh,25,Other,Four-Wheeler,1,Rainy,Dry,OFF1169,RTO,Suspended,2,No,Yes,Red,50,76,0.18,Not Conducted,No,Yes,Online,No,5,
VLT100659,Over-speeding,1161,Delhi,10/21/2024,18:44,Truck,Red,2023,Gujarat,73,Male,Heavy Vehicle,8,Foggy,Under Construction,OFF2963,Traffic Police,Suspended,1,No,No,Red,40,44,0.23,Positive,No,Yes,Not Paid,Yes,5,Fine Paid On Spot
VLT100660,Using Mobile Phone,1481,Karnataka,10/22/2024,14:12,Truck,Red,2017,Maharashtra,75,Male,Commercial,0,Foggy,Under Construction,OFF6972,RTO,Expired,2,N/A,N/A,Red,50,49,0.4,Positive,Yes,No,Online,Yes,1,First Violation
VLT100661,Driving Without License,3226,Gujarat,10/23/2024,4:24,Bike,Silver,2008,Tamil Nadu,63,Male,Commercial,10,Dust Storm,Potholes,OFF8481,Local Police,Valid,2,N/A,Yes,Red,80,68,0.09,Positive,Yes,Yes,Not Paid,Yes,2,Repeat Offender
VLT100662,Over-speeding,2046,Maharashtra,10/24/2024,7:07,Scooter,Red,2023,West Bengal,74,Male,Heavy Vehicle,8,Cloudy,Potholes,OFF7749,Highway Patrol,Suspended,2,No,Yes,Yellow,30,55,0.28,Not Conducted,Yes,Yes,Card,No,1,
VLT100663,No Seatbelt,3900,West Bengal,10/25/2024,1:31,Auto Rickshaw,Black,2006,Uttar Pradesh,21,Male,Commercial,6,Clear,Potholes,OFF9930,Traffic Police,Expired,5,No,Yes,Yellow,100,24,0.02,Positive,No,No,Not Paid,No,4,Repeat Offender
VLT100664,Drunk Driving,3575,Uttar Pradesh,10/26/2024,10:32,Bike,Yellow,2000,Tamil Nadu,33,Other,Four-Wheeler,4,Rainy,Under Construction,OFF7250,Local Police,Expired,3,Yes,Yes,Green,50,119,0.26,Not Conducted,Yes,Yes,Cash,No,4,
VLT100665,Over-speeding,3170,Karnataka,10/27/2024,13:02,Bus,Yellow,2015,Delhi,27,Male,Two-Wheeler,8,Clear,Potholes,OFF3816,Traffic Police,Expired,2,N/A,No,Yellow,40,52,0.44,Positive,No,No,Cash,No,3,
VLT100666,No Seatbelt,623,Tamil Nadu,10/28/2024,18:56,Scooter,White,2009,Tamil Nadu,57,Male,Learner,3,Foggy,Slippery,OFF9034,Local Police,Valid,1,Yes,N/A,Red,60,30,0.01,Negative,Yes,No,Online,No,1,Repeat Offender
VLT100667,Using Mobile Phone,1325,Punjab,10/29/2024,14:57,Car,Red,2015,Uttar Pradesh,20,Male,Commercial,4,Cloudy,Dry,OFF7250,Local Police,Valid,5,No,No,Green,30,98,0.42,Positive,No,No,Cash,Yes,0,First Violation
VLT100668,Signal Jumping,3185,Uttar Pradesh,10/30/2024,8:08,Truck,Red,2002,West Bengal,60,Male,Four-Wheeler,8,Rainy,Slippery,OFF7649,Local Police,Suspended,2,No,No,Yellow,50,26,0.16,Positive,Yes,No,Online,No,0,Fine Paid On Spot
VLT100669,Over-speeding,4771,Karnataka,10/31/2024,11:18,Bus,Silver,2002,Tamil Nadu,43,Other,Two-Wheeler,4,Foggy,Potholes,OFF2501,RTO,Suspended,5,Yes,Yes,Yellow,30,46,0.37,Negative,No,No,Card,No,0,Repeat Offender
VLT100670,Overloading,2850,Tamil Nadu,11/1/2024,17:40,Truck,Green,2002,Uttar Pradesh,70,Male,Commercial,3,Clear,Under Construction,OFF3532,Local Police,Suspended,3,Yes,N/A,Red,60,82,0.02,Negative,Yes,Yes,Card,No,0,Fine Paid On Spot
VLT100671,No Helmet,1089,Delhi,11/2/2024,20:21,Auto Rickshaw,Silver,2023,Maharashtra,24,Other,Two-Wheeler,1,Cloudy,Under Construction,OFF7280,Local Police,Suspended,5,No,Yes,Yellow,40,53,0.04,Negative,Yes,Yes,Card,No,5,Repeat Offender
VLT100672,No Helmet,2484,Maharashtra,11/3/2024,10:24,Car,Blue,2017,West Bengal,25,Other,Two-Wheeler,5,Rainy,Under Construction,OFF9270,Local Police,Expired,3,No,No,Green,80,81,0.09,Negative,No,Yes,Card,No,5,First Violation
VLT100673,No Seatbelt,1022,Punjab,11/4/2024,21:06,Bus,Yellow,2011,West Bengal,60,Male,Heavy Vehicle,2,Dust Storm,Slippery,OFF4329,Local Police,Expired,3,N/A,N/A,Yellow,100,49,0.26,Not Conducted,Yes,Yes,Card,Yes,5,First Violation
VLT100674,Wrong Parking,2534,Karnataka,11/5/2024,11:44,Auto Rickshaw,Red,2014,West Bengal,40,Other,Commercial,8,Clear,Dry,OFF8359,Highway Patrol,Expired,1,Yes,N/A,Red,100,25,0.36,Not Conducted,No,Yes,Card,No,2,First Violation
VLT100675,Drunk Driving,3905,Tamil Nadu,11/6/2024,8:40,Scooter,White,2021,Gujarat,69,Male,Four-Wheeler,1,Rainy,Wet,OFF1517,Local Police,Valid,2,Yes,N/A,Yellow,30,61,0.18,Negative,No,No,Online,Yes,4,
VLT100676,Driving Without License,1306,Delhi,11/7/2024,11:58,Auto Rickshaw,White,2001,Tamil Nadu,67,Female,Heavy Vehicle,6,Rainy,Under Construction,OFF6143,Local Police,Valid,4,Yes,Yes,Green,50,68,0.47,Negative,Yes,No,Not Paid,No,2,Fine Paid On Spot
VLT100677,Overloading,788,Delhi,11/8/2024,12:00,Car,Black,1995,Gujarat,27,Female,Four-Wheeler,7,Clear,Dry,OFF1688,Local Police,Valid,1,N/A,N/A,Green,40,111,0.17,Positive,Yes,Yes,Cash,Yes,3,First Violation
VLT100678,Wrong Parking,1663,Karnataka,11/9/2024,14:36,Auto Rickshaw,Blue,2008,Delhi,54,Other,Four-Wheeler,1,Foggy,Under Construction,OFF4947,RTO,Suspended,3,Yes,N/A,Red,100,66,0.11,Positive,Yes,No,Card,No,0,Fine Paid On Spot
VLT100679,No Helmet,3204,Delhi,11/10/2024,11:05,Truck,Red,2007,West Bengal,24,Male,Heavy Vehicle,7,Foggy,Slippery,OFF9063,Local Police,Expired,4,N/A,Yes,Yellow,80,80,0.08,Not Conducted,No,No,Cash,Yes,0,Repeat Offender
VLT100680,Over-speeding,3245,West Bengal,11/11/2024,20:00,Truck,Grey,2021,Delhi,69,Other,Two-Wheeler,10,Cloudy,Wet,OFF9040,Traffic Police,Suspended,3,N/A,No,Red,40,85,0.15,Positive,No,No,Not Paid,Yes,0,
VLT100681,Over-speeding,924,Karnataka,11/12/2024,6:15,Scooter,Green,1997,West Bengal,61,Male,Heavy Vehicle,0,Dust Storm,Potholes,OFF5229,Highway Patrol,Suspended,4,Yes,No,Green,50,45,0.16,Negative,Yes,Yes,Not Paid,No,0,First Violation
VLT100682,Using Mobile Phone,2408,Tamil Nadu,11/13/2024,17:09,Truck,Green,1995,Maharashtra,20,Female,Heavy Vehicle,8,Dust Storm,Dry,OFF3944,Highway Patrol,Expired,1,Yes,Yes,Yellow,30,42,0.21,Not Conducted,Yes,Yes,Online,Yes,0,Fine Paid On Spot
VLT100683,Wrong Parking,1882,Delhi,11/14/2024,14:13,Car,Green,2019,Tamil Nadu,35,Male,Four-Wheeler,9,Clear,Slippery,OFF1142,Highway Patrol,Suspended,2,No,N/A,Green,50,74,0.19,Not Conducted,No,No,Cash,Yes,3,
VLT100684,Overloading,1023,Punjab,11/15/2024,7:57,Truck,Yellow,2014,Punjab,32,Other,Heavy Vehicle,6,Rainy,Under Construction,OFF1576,Traffic Police,Valid,2,N/A,N/A,Red,50,44,0.19,Not Conducted,Yes,Yes,Online,No,5,Repeat Offender
VLT100685,Using Mobile Phone,3690,Karnataka,11/16/2024,8:45,Truck,Blue,2008,West Bengal,39,Male,Four-Wheeler,2,Foggy,Slippery,OFF6791,Highway Patrol,Suspended,5,Yes,N/A,Red,60,23,0.21,Negative,No,Yes,Not Paid,No,0,
VLT100686,Drunk Driving,4111,Uttar Pradesh,11/17/2024,3:37,Truck,Silver,2020,Punjab,51,Female,Heavy Vehicle,2,Foggy,Slippery,OFF9265,Traffic Police,Suspended,5,No,N/A,Red,50,99,0.1,Negative,No,No,Not Paid,No,1,Fine Paid On Spot
VLT100687,Signal Jumping,3218,Maharashtra,11/18/2024,6:50,Bike,Yellow,2001,West Bengal,44,Female,Four-Wheeler,0,Dust Storm,Dry,OFF9996,RTO,Expired,4,Yes,Yes,Red,50,105,0.01,Negative,No,Yes,Card,No,5,Repeat Offender
VLT100688,Using Mobile Phone,3865,Gujarat,11/19/2024,19:33,Scooter,Grey,2019,Delhi,20,Other,Four-Wheeler,1,Foggy,Slippery,OFF4273,Local Police,Valid,2,N/A,Yes,Red,60,59,0.48,Positive,No,No,Cash,Yes,3,First Violation
VLT100689,Wrong Parking,3790,Maharashtra,11/20/2024,9:39,Truck,Blue,2003,Tamil Nadu,21,Male,Heavy Vehicle,8,Clear,Under Construction,OFF7894,Highway Patrol,Expired,1,Yes,Yes,Yellow,60,67,0.42,Negative,Yes,Yes,Online,No,4,First Violation
VLT100690,Drunk Driving,2373,Delhi,11/21/2024,3:53,Bus,Black,2014,Gujarat,30,Other,Two-Wheeler,8,Rainy,Wet,OFF6805,Local Police,Valid,5,N/A,No,Red,50,71,0.45,Not Conducted,Yes,Yes,Not Paid,No,0,
VLT100691,Wrong Parking,3845,Maharashtra,11/22/2024,23:30,Car,Blue,1996,Punjab,40,Other,Heavy Vehicle,4,Foggy,Under Construction,OFF6140,Highway Patrol,Expired,4,No,No,Yellow,30,36,0.48,Negative,No,Yes,Card,No,5,First Violation
VLT100692,Overloading,1495,West Bengal,11/23/2024,17:34,Bike,Green,2020,Tamil Nadu,42,Other,Heavy Vehicle,4,Clear,Under Construction,OFF2888,Highway Patrol,Valid,5,Yes,N/A,Red,60,29,0.44,Not Conducted,Yes,Yes,Card,No,2,Repeat Offender
VLT100693,No Helmet,3194,Gujarat,11/24/2024,10:28,Truck,Yellow,2001,Gujarat,42,Female,Heavy Vehicle,7,Rainy,Slippery,OFF4230,Local Police,Expired,4,Yes,N/A,Yellow,40,100,0.12,Not Conducted,Yes,Yes,Not Paid,No,5,Fine Paid On Spot
VLT100694,Overloading,4524,Maharashtra,11/25/2024,0:39,Scooter,Grey,2017,Uttar Pradesh,46,Other,Heavy Vehicle,3,Clear,Wet,OFF3985,Highway Patrol,Suspended,4,Yes,No,Green,30,31,0.37,Negative,No,Yes,Online,Yes,4,Repeat Offender
VLT100695,Signal Jumping,345,West Bengal,11/26/2024,1:07,Truck,Blue,2008,Tamil Nadu,72,Other,Four-Wheeler,1,Foggy,Dry,OFF8469,RTO,Suspended,4,No,No,Yellow,100,39,0.3,Positive,No,Yes,Card,No,1,Repeat Offender
VLT100696,No Helmet,4396,Karnataka,11/27/2024,22:00,Scooter,Green,1999,Gujarat,44,Female,Two-Wheeler,2,Rainy,Slippery,OFF4975,Traffic Police,Suspended,4,N/A,Yes,Red,100,23,0.13,Positive,Yes,No,Card,No,3,
VLT100697,No Seatbelt,1253,Punjab,11/28/2024,14:38,Bike,Red,2004,Uttar Pradesh,73,Other,Two-Wheeler,2,Dust Storm,Under Construction,OFF9134,RTO,Suspended,5,No,Yes,Red,100,93,0.24,Not Conducted,Yes,No,Online,No,3,Fine Paid On Spot
VLT100698,Using Mobile Phone,1396,Punjab,11/29/2024,13:36,Truck,Green,2003,West Bengal,53,Other,Learner,6,Cloudy,Potholes,OFF1134,Traffic Police,Valid,1,Yes,Yes,Red,40,68,0.25,Positive,Yes,Yes,Cash,No,0,
VLT100699,Driving Without License,906,Delhi,11/30/2024,12:00,Bus,Yellow,2011,West Bengal,35,Other,Heavy Vehicle,6,Rainy,Wet,OFF8449,Highway Patrol,Suspended,1,No,N/A,Green,40,94,0.01,Negative,No,Yes,Card,Yes,1,
VLT100700,No Seatbelt,1753,Uttar Pradesh,12/1/2024,6:15,Bus,Silver,2017,Tamil Nadu,27,Female,Two-Wheeler,7,Foggy,Dry,OFF9968,RTO,Valid,3,N/A,No,Red,30,20,0.38,Not Conducted,No,No,Card,No,3,Fine Paid On Spot
VLT100701,No Helmet,4601,Maharashtra,12/2/2024,8:40,Scooter,White,2001,Karnataka,58,Other,Four-Wheeler,6,Clear,Under Construction,OFF6299,Traffic Police,Suspended,3,Yes,No,Red,100,50,0.33,Not Conducted,No,No,Cash,Yes,2,First Violation
VLT100702,Wrong Parking,4123,Tamil Nadu,12/3/2024,15:16,Bus,Grey,1996,Gujarat,51,Male,Learner,4,Clear,Under Construction,OFF9042,RTO,Valid,2,N/A,Yes,Red,40,68,0.26,Positive,Yes,No,Online,Yes,4,First Violation
VLT100703,Overloading,1977,Punjab,12/4/2024,13:28,Truck,Green,2018,Punjab,26,Female,Commercial,9,Dust Storm,Dry,OFF8521,Traffic Police,Expired,1,No,Yes,Green,80,53,0.05,Not Conducted,Yes,No,Cash,Yes,5,Fine Paid On Spot
VLT100704,No Helmet,3824,Karnataka,12/5/2024,9:39,Scooter,Red,2009,Delhi,65,Other,Four-Wheeler,1,Cloudy,Under Construction,OFF7457,RTO,Expired,2,No,No,Yellow,80,88,0.09,Negative,No,No,Card,Yes,2,Fine Paid On Spot
VLT100705,Wrong Parking,4297,Punjab,12/6/2024,13:24,Bus,Blue,2001,Uttar Pradesh,72,Female,Commercial,10,Cloudy,Slippery,OFF5890,Highway Patrol,Valid,3,Yes,Yes,Green,80,63,0.37,Not Conducted,No,Yes,Cash,No,0,First Violation
VLT100706,Using Mobile Phone,1646,Gujarat,12/7/2024,9:48,Bike,Blue,2017,West Bengal,58,Female,Learner,3,Rainy,Dry,OFF1667,RTO,Suspended,5,Yes,No,Yellow,30,31,0.1,Negative,No,No,Card,No,1,
VLT100707,No Seatbelt,1546,Tamil Nadu,12/8/2024,0:29,Bus,Silver,2023,Karnataka,62,Female,Commercial,3,Dust Storm,Slippery,OFF2900,Traffic Police,Valid,2,No,No,Green,80,77,0.4,Not Conducted,No,No,Card,No,1,
VLT100708,No Helmet,2265,West Bengal,12/9/2024,10:43,Auto Rickshaw,Grey,2018,West Bengal,60,Male,Learner,9,Foggy,Potholes,OFF8982,Traffic Police,Suspended,5,Yes,Yes,Green,60,117,0.3,Not Conducted,No,No,Not Paid,Yes,4,Repeat Offender
VLT100709,Drunk Driving,2792,Delhi,12/10/2024,23:41,Truck,Yellow,2020,Punjab,41,Other,Heavy Vehicle,6,Dust Storm,Under Construction,OFF8655,Local Police,Expired,4,N/A,No,Green,50,100,0.35,Negative,Yes,No,Online,Yes,1,Fine Paid On Spot
VLT100710,No Seatbelt,4323,Uttar Pradesh,12/11/2024,2:44,Auto Rickshaw,Green,2011,Punjab,75,Other,Commercial,9,Foggy,Potholes,OFF3406,Traffic Police,Expired,5,N/A,Yes,Red,50,82,0.4,Not Conducted,No,Yes,Cash,No,4,Fine Paid On Spot
VLT100711,Wrong Parking,3075,Delhi,12/12/2024,4:32,Bus,Black,2002,Punjab,69,Male,Commercial,1,Clear,Wet,OFF1211,Traffic Police,Valid,1,N/A,Yes,Green,30,86,0.22,Negative,Yes,Yes,Card,Yes,2,Fine Paid On Spot
VLT100712,Driving Without License,4450,Karnataka,12/13/2024,21:41,Bike,Grey,2017,Punjab,48,Other,Four-Wheeler,1,Rainy,Potholes,OFF2453,RTO,Expired,3,Yes,No,Yellow,50,105,0.02,Not Conducted,No,No,Card,No,2,
VLT100713,Signal Jumping,4494,Tamil Nadu,12/14/2024,16:38,Bus,Red,2005,Punjab,42,Male,Two-Wheeler,2,Cloudy,Potholes,OFF6245,Local Police,Suspended,2,No,No,Yellow,40,83,0,Negative,Yes,Yes,Cash,No,5,Fine Paid On Spot
VLT100714,Signal Jumping,1374,Uttar Pradesh,12/15/2024,21:05,Car,Red,1999,Maharashtra,70,Female,Two-Wheeler,0,Dust Storm,Under Construction,OFF5083,Highway Patrol,Suspended,2,No,N/A,Green,60,115,0.23,Negative,No,No,Online,Yes,2,Fine Paid On Spot
VLT100715,Using Mobile Phone,3945,Punjab,12/16/2024,2:40,Bike,Silver,2017,Punjab,53,Female,Heavy Vehicle,2,Rainy,Under Construction,OFF1057,RTO,Valid,3,N/A,Yes,Red,80,81,0.36,Positive,Yes,No,Not Paid,No,4,Repeat Offender
VLT100716,Over-speeding,1951,Punjab,12/17/2024,15:06,Bike,Silver,2014,Uttar Pradesh,72,Female,Heavy Vehicle,6,Cloudy,Under Construction,OFF9794,RTO,Suspended,2,N/A,No,Green,80,39,0.08,Positive,No,No,Not Paid,No,2,
VLT100717,Overloading,4754,West Bengal,12/18/2024,4:25,Truck,Yellow,1999,West Bengal,46,Other,Learner,4,Rainy,Slippery,OFF4189,RTO,Valid,3,No,No,Yellow,80,106,0.38,Not Conducted,No,No,Online,No,2,Fine Paid On Spot
VLT100718,No Seatbelt,4022,Delhi,12/19/2024,2:10,Truck,Grey,2023,West Bengal,49,Female,Four-Wheeler,3,Cloudy,Slippery,OFF3203,RTO,Valid,1,N/A,N/A,Green,50,36,0.23,Negative,Yes,Yes,Online,Yes,2,
VLT100719,Driving Without License,961,Uttar Pradesh,12/20/2024,9:11,Bus,Red,1998,West Bengal,30,Female,Four-Wheeler,2,Foggy,Potholes,OFF7224,Highway Patrol,Expired,2,No,Yes,Red,60,116,0.06,Positive,Yes,Yes,Not Paid,No,5,
VLT100720,Signal Jumping,2836,Maharashtra,12/21/2024,5:17,Bus,White,2008,West Bengal,22,Male,Two-Wheeler,6,Clear,Wet,OFF1582,Traffic Police,Expired,3,Yes,Yes,Yellow,50,55,0.42,Positive,No,No,Cash,No,5,Repeat Offender
VLT100721,Driving Without License,342,Delhi,12/22/2024,14:26,Auto Rickshaw,Green,1999,Karnataka,65,Other,Heavy Vehicle,5,Dust Storm,Dry,OFF9245,RTO,Valid,1,Yes,No,Red,60,102,0.41,Not Conducted,No,Yes,Cash,No,4,Repeat Offender
VLT100722,Over-speeding,941,West Bengal,12/23/2024,14:40,Car,Silver,2010,Maharashtra,25,Female,Learner,5,Cloudy,Under Construction,OFF6840,RTO,Expired,1,Yes,Yes,Red,40,81,0.08,Negative,No,No,Online,No,0,
VLT100723,Drunk Driving,1401,Karnataka,12/24/2024,19:08,Auto Rickshaw,Red,2016,West Bengal,42,Female,Heavy Vehicle,2,Clear,Under Construction,OFF1080,Traffic Police,Suspended,4,N/A,No,Red,40,49,0.34,Negative,Yes,Yes,Cash,No,1,Fine Paid On Spot
VLT100724,Using Mobile Phone,3622,Maharashtra,12/25/2024,12:15,Bus,Red,2015,Tamil Nadu,26,Other,Two-Wheeler,3,Foggy,Dry,OFF4125,Traffic Police,Expired,1,N/A,Yes,Green,100,76,0.17,Not Conducted,No,Yes,Not Paid,Yes,3,Fine Paid On Spot
VLT100725,No Seatbelt,4823,Tamil Nadu,12/26/2024,16:21,Bike,Grey,2004,Maharashtra,42,Female,Commercial,3,Clear,Under Construction,OFF4104,Traffic Police,Expired,3,N/A,N/A,Green,60,20,0.44,Positive,No,No,Online,No,3,
VLT100726,Wrong Parking,3343,Gujarat,12/27/2024,6:14,Bus,Red,1996,Tamil Nadu,26,Female,Heavy Vehicle,10,Clear,Under Construction,OFF6683,Local Police,Expired,2,Yes,No,Green,100,39,0.35,Negative,No,No,Not Paid,Yes,4,
VLT100727,Using Mobile Phone,4895,Maharashtra,12/28/2024,9:58,Bike,Yellow,1999,Gujarat,26,Female,Two-Wheeler,6,Foggy,Dry,OFF1148,Local Police,Valid,4,No,No,Green,60,92,0.41,Positive,No,No,Cash,Yes,5,Fine Paid On Spot
VLT100728,Using Mobile Phone,3114,Gujarat,12/29/2024,18:33,Truck,White,2014,Tamil Nadu,46,Male,Heavy Vehicle,6,Dust Storm,Dry,OFF7686,Traffic Police,Valid,2,Yes,Yes,Green,60,56,0.14,Negative,Yes,Yes,Not Paid,No,2,Repeat Offender
VLT100729,No Seatbelt,2877,West Bengal,12/30/2024,3:30,Auto Rickshaw,White,2012,Gujarat,58,Female,Commercial,3,Foggy,Under Construction,OFF3162,Traffic Police,Valid,2,No,No,Red,30,35,0.01,Negative,Yes,Yes,Card,Yes,5,
VLT100730,No Helmet,2806,West Bengal,12/31/2024,5:35,Scooter,Green,2018,Maharashtra,74,Male,Learner,2,Dust Storm,Wet,OFF3395,Local Police,Expired,2,Yes,N/A,Red,30,99,0.37,Not Conducted,Yes,No,Cash,No,1,First Violation
VLT100731,No Seatbelt,891,Maharashtra,1/1/2025,5:59,Bike,White,2011,Gujarat,57,Male,Two-Wheeler,0,Cloudy,Under Construction,OFF7788,Traffic Police,Valid,1,No,N/A,Green,60,47,0.06,Negative,No,Yes,Card,Yes,2,First Violation
VLT100732,Drunk Driving,1909,Punjab,1/2/2025,18:03,Scooter,Blue,2008,Punjab,63,Male,Learner,10,Rainy,Potholes,OFF7322,RTO,Valid,5,No,No,Green,40,64,0.24,Positive,No,Yes,Card,Yes,1,
VLT100733,Driving Without License,561,Maharashtra,1/3/2025,4:27,Auto Rickshaw,White,2015,Maharashtra,24,Female,Heavy Vehicle,6,Dust Storm,Wet,OFF9172,Highway Patrol,Valid,5,Yes,N/A,Red,40,44,0.21,Not Conducted,Yes,Yes,Online,No,1,First Violation
VLT100734,No Seatbelt,221,Maharashtra,1/4/2025,23:17,Truck,Blue,1998,Delhi,19,Other,Two-Wheeler,6,Dust Storm,Potholes,OFF5782,RTO,Suspended,1,N/A,No,Yellow,80,99,0.35,Positive,Yes,No,Not Paid,Yes,0,Fine Paid On Spot
VLT100735,Signal Jumping,2767,Punjab,1/5/2025,19:12,Auto Rickshaw,Red,2009,Gujarat,64,Female,Commercial,5,Cloudy,Dry,OFF4329,RTO,Valid,4,N/A,N/A,Green,100,40,0.43,Positive,Yes,No,Online,Yes,2,Fine Paid On Spot
VLT100736,Wrong Parking,987,Punjab,1/6/2025,1:46,Car,Blue,2010,Delhi,48,Female,Two-Wheeler,3,Rainy,Wet,OFF5499,Highway Patrol,Valid,1,N/A,No,Yellow,60,51,0.35,Positive,No,No,Cash,No,2,First Violation
VLT100737,Over-speeding,1179,Delhi,1/7/2025,13:40,Bike,Yellow,2011,Tamil Nadu,25,Other,Two-Wheeler,0,Rainy,Slippery,OFF9112,RTO,Expired,4,Yes,No,Yellow,40,83,0,Positive,Yes,No,Not Paid,No,0,Fine Paid On Spot
VLT100738,Overloading,2999,Maharashtra,1/8/2025,15:32,Auto Rickshaw,Green,1998,Delhi,18,Female,Two-Wheeler,6,Rainy,Under Construction,OFF5109,Traffic Police,Valid,4,Yes,N/A,Yellow,50,102,0.36,Positive,No,No,Not Paid,No,5,Fine Paid On Spot
VLT100739,Overloading,4729,Tamil Nadu,1/9/2025,17:33,Scooter,Black,2019,Tamil Nadu,30,Male,Four-Wheeler,3,Cloudy,Potholes,OFF1594,Traffic Police,Suspended,5,N/A,Yes,Green,40,62,0.06,Positive,No,No,Not Paid,No,1,Fine Paid On Spot
VLT100740,Over-speeding,4198,Tamil Nadu,1/10/2025,16:23,Scooter,Grey,2007,West Bengal,22,Other,Four-Wheeler,0,Clear,Dry,OFF3389,Traffic Police,Valid,3,Yes,N/A,Red,50,26,0.06,Not Conducted,Yes,No,Card,No,3,Repeat Offender
VLT100741,No Helmet,263,Punjab,1/11/2025,16:30,Bike,Black,1995,Maharashtra,42,Female,Commercial,9,Rainy,Under Construction,OFF4546,Highway Patrol,Valid,3,No,N/A,Green,40,110,0.15,Not Conducted,Yes,No,Card,Yes,1,
VLT100742,Wrong Parking,1825,Gujarat,1/12/2025,7:53,Car,Silver,2017,West Bengal,52,Other,Commercial,10,Cloudy,Slippery,OFF8471,Highway Patrol,Valid,3,Yes,Yes,Red,40,46,0.34,Positive,Yes,No,Online,Yes,0,First Violation
VLT100743,Signal Jumping,4051,Maharashtra,1/13/2025,23:37,Car,Red,2021,Uttar Pradesh,40,Male,Learner,0,Clear,Slippery,OFF9359,Local Police,Valid,3,N/A,Yes,Green,30,61,0.16,Not Conducted,Yes,Yes,Not Paid,No,3,First Violation
VLT100744,Driving Without License,3192,Tamil Nadu,1/14/2025,1:23,Auto Rickshaw,Red,1995,Punjab,55,Male,Commercial,8,Dust Storm,Dry,OFF5627,Local Police,Suspended,5,N/A,N/A,Yellow,100,45,0.29,Not Conducted,Yes,No,Card,No,1,First Violation
VLT100745,Using Mobile Phone,3851,Karnataka,1/15/2025,15:14,Bus,Grey,2017,Karnataka,56,Male,Heavy Vehicle,10,Cloudy,Slippery,OFF2268,Local Police,Expired,5,N/A,No,Red,50,53,0.1,Positive,Yes,Yes,Card,Yes,2,
VLT100746,No Seatbelt,3528,Delhi,1/16/2025,20:11,Bus,Grey,2004,Uttar Pradesh,60,Male,Four-Wheeler,4,Clear,Wet,OFF6869,Highway Patrol,Suspended,3,Yes,No,Green,40,48,0.45,Not Conducted,Yes,No,Cash,No,2,
VLT100747,Overloading,4158,West Bengal,1/17/2025,16:40,Truck,Red,2008,Tamil Nadu,48,Other,Heavy Vehicle,5,Dust Storm,Slippery,OFF6683,Local Police,Expired,1,Yes,Yes,Green,30,42,0.39,Not Conducted,No,No,Online,Yes,0,First Violation
VLT100748,Over-speeding,1486,Uttar Pradesh,1/18/2025,3:57,Car,Yellow,1998,Delhi,72,Other,Four-Wheeler,10,Dust Storm,Dry,OFF3136,Local Police,Suspended,2,No,Yes,Green,40,120,0.15,Positive,Yes,Yes,Not Paid,Yes,3,First Violation
VLT100749,Wrong Parking,2215,Tamil Nadu,1/19/2025,18:49,Car,Yellow,2015,West Bengal,35,Male,Learner,7,Dust Storm,Wet,OFF6751,Traffic Police,Suspended,1,N/A,Yes,Red,80,85,0.27,Negative,No,Yes,Cash,Yes,4,First Violation
VLT100750,Overloading,2325,West Bengal,1/20/2025,22:02,Car,Silver,2004,Maharashtra,63,Male,Heavy Vehicle,8,Cloudy,Wet,OFF6641,RTO,Valid,2,Yes,No,Green,100,102,0.27,Positive,No,No,Online,No,1,Fine Paid On Spot
VLT100751,Drunk Driving,1442,Karnataka,1/21/2025,0:08,Bike,Black,2014,West Bengal,35,Male,Commercial,8,Rainy,Slippery,OFF8554,Highway Patrol,Expired,4,N/A,N/A,Green,40,71,0.34,Not Conducted,Yes,No,Online,No,2,Fine Paid On Spot
VLT100752,Wrong Parking,4497,Uttar Pradesh,1/22/2025,18:16,Truck,Silver,1998,West Bengal,18,Male,Four-Wheeler,5,Dust Storm,Wet,OFF1469,Local Police,Expired,1,N/A,Yes,Yellow,50,37,0.46,Not Conducted,No,Yes,Not Paid,No,2,
VLT100753,Driving Without License,4436,Tamil Nadu,1/23/2025,17:54,Car,Red,2017,West Bengal,18,Female,Four-Wheeler,2,Rainy,Wet,OFF2971,RTO,Valid,5,No,N/A,Yellow,100,52,0.11,Positive,No,No,Not Paid,Yes,4,Repeat Offender
VLT100754,Driving Without License,485,Delhi,1/24/2025,11:06,Bus,Grey,2006,Gujarat,25,Female,Two-Wheeler,5,Dust Storm,Dry,OFF6273,Local Police,Valid,4,Yes,Yes,Yellow,50,32,0.13,Not Conducted,No,No,Not Paid,Yes,0,Repeat Offender
VLT100755,Wrong Parking,3076,West Bengal,1/25/2025,18:40,Bike,Black,2023,Delhi,38,Male,Four-Wheeler,6,Cloudy,Potholes,OFF4825,Highway Patrol,Suspended,4,No,No,Green,50,48,0.07,Negative,Yes,Yes,Online,Yes,4,
VLT100756,Using Mobile Phone,1924,Punjab,1/26/2025,2:39,Bus,Grey,1996,West Bengal,37,Female,Learner,3,Dust Storm,Under Construction,OFF7895,Local Police,Suspended,4,No,N/A,Green,50,61,0.21,Positive,Yes,Yes,Not Paid,No,2,First Violation
VLT100757,Wrong Parking,427,Delhi,1/27/2025,10:38,Truck,Yellow,2018,Uttar Pradesh,34,Other,Two-Wheeler,4,Dust Storm,Slippery,OFF3107,Highway Patrol,Expired,4,N/A,N/A,Red,60,99,0.27,Not Conducted,No,No,Cash,No,2,Fine Paid On Spot
VLT100758,Drunk Driving,3152,Maharashtra,1/28/2025,21:13,Car,Silver,2008,Karnataka,26,Female,Two-Wheeler,9,Clear,Potholes,OFF5246,Traffic Police,Valid,1,Yes,No,Yellow,30,66,0.39,Positive,No,No,Online,Yes,5,
VLT100759,Over-speeding,1002,West Bengal,1/29/2025,22:08,Bus,Silver,2010,Uttar Pradesh,44,Female,Heavy Vehicle,6,Cloudy,Slippery,OFF5052,Local Police,Valid,4,No,N/A,Yellow,60,93,0.01,Positive,Yes,No,Not Paid,Yes,4,Repeat Offender
VLT100760,Drunk Driving,1287,Uttar Pradesh,1/30/2025,7:27,Bus,Yellow,2005,West Bengal,52,Female,Two-Wheeler,0,Foggy,Slippery,OFF8418,Traffic Police,Expired,1,N/A,N/A,Yellow,100,30,0.49,Positive,Yes,No,Online,Yes,1,
VLT100761,Over-speeding,4303,Uttar Pradesh,1/31/2025,12:09,Bike,Green,2018,Uttar Pradesh,74,Other,Heavy Vehicle,2,Foggy,Dry,OFF6449,RTO,Valid,5,Yes,N/A,Green,80,50,0.33,Not Conducted,Yes,No,Cash,Yes,0,Fine Paid On Spot
VLT100762,Over-speeding,3772,Delhi,2/1/2025,16:46,Bike,Green,2007,West Bengal,64,Male,Heavy Vehicle,10,Foggy,Potholes,OFF9172,Highway Patrol,Suspended,2,No,No,Yellow,50,43,0.24,Negative,Yes,Yes,Card,No,3,
VLT100763,Over-speeding,565,Gujarat,2/2/2025,0:59,Truck,White,2005,Uttar Pradesh,44,Female,Heavy Vehicle,3,Dust Storm,Dry,OFF5324,Highway Patrol,Suspended,4,N/A,No,Yellow,100,66,0.14,Not Conducted,No,No,Cash,No,5,Repeat Offender
VLT100764,No Seatbelt,989,Uttar Pradesh,2/3/2025,16:34,Scooter,Silver,1995,Karnataka,39,Female,Two-Wheeler,5,Foggy,Slippery,OFF3507,Highway Patrol,Expired,4,N/A,N/A,Red,100,74,0.23,Negative,Yes,No,Online,No,5,Repeat Offender
VLT100765,Signal Jumping,324,Uttar Pradesh,2/4/2025,20:40,Truck,Silver,2004,Tamil Nadu,68,Male,Four-Wheeler,9,Clear,Wet,OFF6165,RTO,Expired,1,Yes,No,Green,60,36,0.5,Positive,Yes,No,Cash,No,5,
VLT100766,Signal Jumping,1854,Uttar Pradesh,2/5/2025,0:14,Truck,Grey,2002,Delhi,52,Female,Commercial,3,Clear,Potholes,OFF8211,Highway Patrol,Expired,3,Yes,N/A,Yellow,100,108,0.35,Positive,No,No,Online,Yes,2,First Violation
VLT100767,Wrong Parking,4620,Tamil Nadu,2/6/2025,16:20,Bus,Red,1995,Delhi,18,Other,Learner,0,Clear,Wet,OFF2538,Highway Patrol,Valid,3,N/A,No,Yellow,30,35,0.13,Positive,No,Yes,Card,Yes,4,Fine Paid On Spot
VLT100768,Using Mobile Phone,1669,West Bengal,2/7/2025,21:10,Car,Green,2013,Karnataka,34,Female,Two-Wheeler,6,Clear,Wet,OFF8310,Local Police,Valid,2,N/A,N/A,Yellow,80,68,0.32,Not Conducted,No,Yes,Cash,No,3,
VLT100769,Wrong Parking,1206,Tamil Nadu,2/8/2025,7:11,Bus,Blue,2010,Uttar Pradesh,49,Other,Learner,3,Clear,Potholes,OFF7995,Traffic Police,Valid,4,No,Yes,Green,100,58,0.37,Not Conducted,No,Yes,Online,Yes,4,First Violation
VLT100770,Drunk Driving,1569,Gujarat,2/9/2025,10:11,Truck,White,2002,Maharashtra,18,Other,Learner,4,Rainy,Slippery,OFF9856,Highway Patrol,Suspended,1,N/A,Yes,Red,40,34,0.27,Negative,No,No,Not Paid,No,3,First Violation
VLT100771,No Helmet,1087,Karnataka,2/10/2025,23:52,Car,Red,2007,Maharashtra,74,Male,Learner,2,Foggy,Under Construction,OFF3757,Local Police,Expired,4,No,No,Red,50,105,0.07,Positive,No,Yes,Online,Yes,2,Fine Paid On Spot
VLT100772,Wrong Parking,221,Maharashtra,2/11/2025,4:52,Car,Grey,2021,Tamil Nadu,38,Other,Commercial,1,Clear,Potholes,OFF8605,Traffic Police,Expired,2,N/A,Yes,Green,40,73,0.47,Not Conducted,No,Yes,Cash,No,0,
VLT100773,No Seatbelt,665,Karnataka,2/12/2025,9:57,Bike,Yellow,1995,Punjab,72,Other,Heavy Vehicle,7,Cloudy,Slippery,OFF1839,Traffic Police,Suspended,4,N/A,No,Yellow,40,23,0.05,Not Conducted,No,Yes,Card,No,1,Fine Paid On Spot
VLT100774,Drunk Driving,822,Gujarat,2/13/2025,10:01,Bike,Blue,1996,Delhi,49,Male,Commercial,6,Dust Storm,Wet,OFF6700,RTO,Valid,3,N/A,Yes,Red,40,68,0.3,Not Conducted,No,No,Card,Yes,1,
VLT100775,Wrong Parking,1088,Karnataka,2/14/2025,16:50,Scooter,Green,2017,Gujarat,59,Other,Commercial,8,Cloudy,Slippery,OFF4188,Highway Patrol,Expired,4,N/A,N/A,Green,50,102,0.15,Positive,Yes,No,Online,Yes,4,Repeat Offender
VLT100776,Drunk Driving,1930,Gujarat,2/15/2025,3:43,Bike,Black,2006,Karnataka,69,Other,Two-Wheeler,8,Dust Storm,Wet,OFF3105,Traffic Police,Suspended,5,Yes,N/A,Green,40,93,0.32,Positive,No,No,Cash,Yes,0,Fine Paid On Spot
VLT100777,Signal Jumping,1779,Gujarat,2/16/2025,18:04,Bus,Blue,2008,West Bengal,35,Other,Four-Wheeler,5,Cloudy,Slippery,OFF8870,Local Police,Suspended,2,Yes,Yes,Green,60,20,0.31,Not Conducted,No,No,Cash,No,4,Repeat Offender
VLT100778,Using Mobile Phone,1602,Karnataka,2/17/2025,5:51,Bike,Grey,2015,Karnataka,34,Male,Commercial,4,Foggy,Wet,OFF5714,Traffic Police,Suspended,3,Yes,Yes,Yellow,80,110,0.29,Not Conducted,Yes,No,Not Paid,No,0,First Violation
VLT100779,Wrong Parking,935,Karnataka,2/18/2025,9:29,Bike,Silver,1997,Tamil Nadu,65,Other,Learner,8,Dust Storm,Wet,OFF4544,Traffic Police,Valid,1,No,No,Red,40,108,0.47,Not Conducted,Yes,No,Online,Yes,5,Repeat Offender
VLT100780,Overloading,1655,Karnataka,2/19/2025,0:09,Bus,Green,1999,Tamil Nadu,72,Other,Four-Wheeler,2,Foggy,Potholes,OFF1914,Local Police,Expired,3,N/A,No,Red,100,30,0.01,Negative,No,No,Card,No,5,Fine Paid On Spot
VLT100781,Driving Without License,2367,Karnataka,2/20/2025,11:08,Scooter,Grey,1995,Uttar Pradesh,75,Female,Heavy Vehicle,8,Dust Storm,Under Construction,OFF5864,RTO,Suspended,2,N/A,N/A,Yellow,40,86,0.48,Positive,Yes,Yes,Card,Yes,4,Fine Paid On Spot
VLT100782,Using Mobile Phone,2875,Maharashtra,2/21/2025,16:04,Bus,Blue,2008,Maharashtra,37,Male,Four-Wheeler,7,Rainy,Slippery,OFF5164,Local Police,Expired,2,N/A,Yes,Red,50,50,0,Negative,Yes,Yes,Online,No,4,
VLT100783,Signal Jumping,865,Maharashtra,2/22/2025,17:40,Bike,Black,2010,Delhi,55,Female,Commercial,6,Dust Storm,Slippery,OFF6306,Traffic Police,Expired,2,N/A,No,Yellow,80,26,0.11,Negative,Yes,No,Not Paid,Yes,4,First Violation
VLT100784,No Seatbelt,1087,Delhi,2/23/2025,0:44,Auto Rickshaw,Yellow,2018,Punjab,42,Male,Learner,3,Dust Storm,Wet,OFF3098,Highway Patrol,Suspended,1,No,N/A,Yellow,60,28,0.41,Not Conducted,No,Yes,Card,Yes,5,
VLT100785,Driving Without License,2054,Uttar Pradesh,2/24/2025,15:28,Car,Green,2009,Gujarat,39,Other,Two-Wheeler,9,Cloudy,Under Construction,OFF9315,Local Police,Valid,5,Yes,Yes,Red,30,25,0.21,Negative,No,Yes,Card,No,0,
VLT100786,No Seatbelt,3783,Punjab,2/25/2025,15:05,Bus,Blue,1999,Punjab,28,Other,Learner,2,Foggy,Wet,OFF7175,Traffic Police,Expired,4,Yes,No,Red,50,36,0.2,Negative,No,Yes,Card,Yes,2,First Violation
VLT100787,No Seatbelt,1964,Maharashtra,2/26/2025,5:56,Truck,Grey,2023,Gujarat,73,Male,Learner,7,Cloudy,Dry,OFF2064,Traffic Police,Expired,2,Yes,Yes,Red,60,65,0.21,Not Conducted,No,No,Card,No,5,First Violation
VLT100788,Wrong Parking,1890,West Bengal,2/27/2025,20:56,Scooter,Black,2004,West Bengal,41,Other,Four-Wheeler,10,Cloudy,Slippery,OFF8290,Traffic Police,Suspended,5,Yes,N/A,Red,30,31,0.45,Negative,No,Yes,Not Paid,Yes,5,Repeat Offender
VLT100789,Driving Without License,3031,Maharashtra,2/28/2025,16:13,Car,Grey,2019,Uttar Pradesh,45,Other,Four-Wheeler,10,Clear,Under Construction,OFF5493,Traffic Police,Suspended,1,No,No,Green,30,53,0.29,Not Conducted,No,Yes,Cash,No,4,Fine Paid On Spot
